nom_produit,url_produit,img_produit
,https://www.lepetitvapoteur.com/fr/eliquid-france/2020-e-liquide-relax.html,https://www.lepetitvapoteur.com/47675-large/e-liquide-relax.jpg?v=111
,https://www.lepetitvapoteur.com/fr/le-french-liquide/4810-e-liquide-la-chose-5050-le-french-liquide.html,https://www.lepetitvapoteur.com/46501-large/e-liquide-la-chose-5050-le-french-liquide.jpg?v=111
Grenadille,https://www.lepetitvapoteur.com/fr/le-petit-vapoteur/9806-e-liquide-grenadille.html,https://www.lepetitvapoteur.com/46648-large/e-liquide-grenadille.jpg?v=111
D'lice Cherry Cola,https://www.lepetitvapoteur.com/fr/dlice/1041-d-lice-cherry-cola.html,https://www.lepetitvapoteur.com/35470-large/d-lice-cherry-cola.jpg?v=111
Dulce Dictator,https://www.lepetitvapoteur.com/fr/e-liquide-dictator/4851-e-liquide-dulce-dictator.html,https://www.lepetitvapoteur.com/47983-large/e-liquide-dulce-dictator.jpg?v=111
Fruits Frais Minimal,https://www.lepetitvapoteur.com/fr/minimal/6571-e-liquide-fruits-frais-minimal.html,https://www.lepetitvapoteur.com/47732-large/e-liquide-fruits-frais-minimal.jpg?v=111
,https://www.lepetitvapoteur.com/fr/le-petit-vapoteur/12735-e-liquide-cola.html,https://www.lepetitvapoteur.com/46658-large/e-liquide-cola.jpg?v=111
,https://www.lepetitvapoteur.com/fr/cirkus/1732-e-liquide-absinthe-rouge-cirkus.html,https://www.lepetitvapoteur.com/47777-large/e-liquide-absinthe-rouge-cirkus.jpg?v=111
Pack Boisson LPV,https://www.lepetitvapoteur.com/fr/le-petit-vapoteur/14473-e-liquide-pack-boisson-lpv.html,https://www.lepetitvapoteur.com/46795-large/e-liquide-pack-boisson-lpv.jpg?v=111
Thé Pêche Green Vapes,https://www.lepetitvapoteur.com/fr/green-vapes/505-e-liquide-the-peche-green-vapes.html,https://www.lepetitvapoteur.com/47549-large/e-liquide-the-peche-green-vapes.jpg?v=111
Anis Vincent,https://www.lepetitvapoteur.com/fr/vincent-dans-les-vapes/481-e-liquide-anis-vdlv.html,https://www.lepetitvapoteur.com/47763-large/e-liquide-anis-vdlv.jpg?v=111
D'lice Pastis,https://www.lepetitvapoteur.com/fr/dlice/531-d-lice-pastis.html,https://www.lepetitvapoteur.com/35455-large/d-lice-pastis.jpg?v=111
D'lice Café,https://www.lepetitvapoteur.com/fr/dlice/534-d-lice-cafe.html,https://www.lepetitvapoteur.com/35458-large/d-lice-cafe.jpg?v=111
D'lice Rhum Vanille,https://www.lepetitvapoteur.com/fr/dlice/558-d-lice-rhum-vanille.html,https://www.lepetitvapoteur.com/35464-large/d-lice-rhum-vanille.jpg?v=111
D'lice Mojito,https://www.lepetitvapoteur.com/fr/dlice/581-d-lice-mojito.html,https://www.lepetitvapoteur.com/35467-large/d-lice-mojito.jpg?v=111
D'lice Pina Colada,https://www.lepetitvapoteur.com/fr/dlice/626-d-lice-pina-colada.html,https://www.lepetitvapoteur.com/35469-large/d-lice-pina-colada.jpg?v=111
Castle Long Five Pawns,https://www.lepetitvapoteur.com/fr/five-pawns/828-castle-long.html,https://www.lepetitvapoteur.com/48404-large/castle-long.jpg?v=111
D'lice Cherry Cola,https://www.lepetitvapoteur.com/fr/dlice/1041-d-lice-cherry-cola.html,https://www.lepetitvapoteur.com/35470-large/d-lice-cherry-cola.jpg?v=111
PULP Le thé à la menthe,https://www.lepetitvapoteur.com/fr/pulp/1226-pulp-le-the-a-la-menthe.html,https://www.lepetitvapoteur.com/47858-large/pulp-le-the-a-la-menthe.jpg?v=111
Caffe Latte Cirkus,https://www.lepetitvapoteur.com/fr/cirkus/1336-e-liquide-caffe-latte-cirkus.html,https://www.lepetitvapoteur.com/47773-large/e-liquide-caffe-latte-cirkus.jpg?v=111
D'lice Cola,https://www.lepetitvapoteur.com/fr/dlice/582-d-lice-cola.html,https://www.lepetitvapoteur.com/35468-large/d-lice-cola.jpg?v=111
Absinthe Rouge Cirkus,https://www.lepetitvapoteur.com/fr/cirkus/1732-e-liquide-absinthe-rouge-cirkus.html,https://www.lepetitvapoteur.com/47777-large/e-liquide-absinthe-rouge-cirkus.jpg?v=111
Early Haven Green Vapes,https://www.lepetitvapoteur.com/fr/green-vapes/2373-e-liquide-early-haven-green-vapes.html,https://www.lepetitvapoteur.com/47559-large/e-liquide-early-haven-green-vapes.jpg?v=111
Café Expresso Cirkus,https://www.lepetitvapoteur.com/fr/cirkus/2506-e-liquide-cafe-expresso-cirkus.html,https://www.lepetitvapoteur.com/47782-large/e-liquide-cafe-expresso-cirkus.jpg?v=111
Thé Agrumes Vincent,https://www.lepetitvapoteur.com/fr/vincent-dans-les-vapes/2514-grand-maitre-les-grands.html,https://www.lepetitvapoteur.com/47785-large/grand-maitre-les-grands.jpg?v=111
D'lice Power Drink,https://www.lepetitvapoteur.com/fr/dlice/2682-d-lice-power-drink.html,https://www.lepetitvapoteur.com/35477-large/d-lice-power-drink.jpg?v=111
Piña Fraise Cirkus,https://www.lepetitvapoteur.com/fr/cirkus/2919-e-liquide-pina-fraise-cirkus.html,https://www.lepetitvapoteur.com/47790-large/e-liquide-pina-fraise-cirkus.jpg?v=111
Crazy Green,https://www.lepetitvapoteur.com/fr/e-liquide-crazy/3153-crazy-green.html,https://www.lepetitvapoteur.com/47973-large/crazy-green.jpg?v=111
Flirt V2 Swoke,https://www.lepetitvapoteur.com/fr/swoke/3156-flirt-v2-swoke.html,https://www.lepetitvapoteur.com/48182-large/flirt-v2-swoke.jpg?v=111
Pixel Swoke,https://www.lepetitvapoteur.com/fr/swoke/3157-pixel-swoke.html,https://www.lepetitvapoteur.com/48183-large/pixel-swoke.jpg?v=111
Crazy Cola,https://www.lepetitvapoteur.com/fr/e-liquide-crazy/3239-e-liquide-crazy-cola-savourea.html,https://www.lepetitvapoteur.com/47974-large/e-liquide-crazy-cola-savourea.jpg?v=111
Cola Pomme Fruizee,https://www.lepetitvapoteur.com/fr/fruizee/3459-cola-pomme-fruizee.html,https://www.lepetitvapoteur.com/47679-large/cola-pomme-fruizee.jpg?v=111
Cola Pomme King Size Fruizee,https://www.lepetitvapoteur.com/fr/fruizee/3510-cola-pomme-king-size-fruizee.html,https://www.lepetitvapoteur.com/20208-large/cola-pomme-king-size-fruizee.jpg?v=111
Peach Raspberry Slushy 50 ml,https://www.lepetitvapoteur.com/fr/e-liquide-slushy/4093-peach-raspberry-slushy-50-ml.html,https://www.lepetitvapoteur.com/17465-large/peach-raspberry-slushy-50-ml.jpg?v=111
Strawberry Watermelon Slushy 50 ml,https://www.lepetitvapoteur.com/fr/e-liquide-slushy/4094-strawberry-watermelon-slushy-50-ml.html,https://www.lepetitvapoteur.com/17466-large/strawberry-watermelon-slushy-50-ml.jpg?v=111
Blue Razz Slushy 50 ml,https://www.lepetitvapoteur.com/fr/e-liquide-slushy/4095-blue-razz-slushy-50-ml.html,https://www.lepetitvapoteur.com/17467-large/blue-razz-slushy-50-ml.jpg?v=111
Cola Shades Dinner Lady 50 ml,https://www.lepetitvapoteur.com/fr/dinner-lady/4197-e-liquide-cola-shades-50ml-dinner-lady.html,https://www.lepetitvapoteur.com/30562-large/e-liquide-cola-shades-50ml-dinner-lady.jpg?v=111
Tropical Melon Madness Slushy 50 ml,https://www.lepetitvapoteur.com/fr/e-liquide-slushy/4249-tropical-melon-madness-slushy-50-ml.html,https://www.lepetitvapoteur.com/17880-large/tropical-melon-madness-slushy-50-ml.jpg?v=111
Tropical Strawberry Pineapple Slushy 50 ml,https://www.lepetitvapoteur.com/fr/e-liquide-slushy/4250-tropical-strawberry-pineapple-slushy-50-ml.html,https://www.lepetitvapoteur.com/17879-large/tropical-strawberry-pineapple-slushy-50-ml.jpg?v=111
Blue Razz Slushy,https://www.lepetitvapoteur.com/fr/e-liquide-slushy/4297-blue-razz-slushy.html,https://www.lepetitvapoteur.com/47705-large/blue-razz-slushy.jpg?v=111
Peach Raspberry Slushy,https://www.lepetitvapoteur.com/fr/e-liquide-slushy/4299-peach-raspberry-slushy.html,https://www.lepetitvapoteur.com/47706-large/peach-raspberry-slushy.jpg?v=111
Strawberry Watermelon Slushy,https://www.lepetitvapoteur.com/fr/saveurs-fruites/4300-strawberry-watermelon-slushy.html,https://www.lepetitvapoteur.com/47707-large/strawberry-watermelon-slushy.jpg?v=111
Relax,https://www.lepetitvapoteur.com/fr/eliquid-france/2020-e-liquide-relax.html,https://www.lepetitvapoteur.com/47675-large/e-liquide-relax.jpg?v=111
Absinthe Rouge CirKus 50 ml,https://www.lepetitvapoteur.com/fr/cirkus/5126-e-liquide-absinthe-rouge-50-ml-cirkus.html,https://www.lepetitvapoteur.com/40071-large/e-liquide-absinthe-rouge-50-ml-cirkus.jpg?v=111
Lemonade on Ice Pulp Frost 50 ml,https://www.lepetitvapoteur.com/fr/pulp-frost/5301-e-liquide-lemonade-on-ice-frost-and-furious-50-ml.html,https://www.lepetitvapoteur.com/39056-large/e-liquide-lemonade-on-ice-frost-and-furious-50-ml.jpg?v=111
Genmaicha Tea Curieux,https://www.lepetitvapoteur.com/fr/curieux/5690-e-liquide-genmaicha-curieux.html,https://www.lepetitvapoteur.com/22713-large/e-liquide-genmaicha-curieux.jpg?v=111
Ouarzazate Tea Curieux,https://www.lepetitvapoteur.com/fr/curieux/5693-e-liquide-ouarzazate-curieux.html,https://www.lepetitvapoteur.com/23047-large/e-liquide-ouarzazate-curieux.jpg?v=111
Earl Grey Tea Curieux,https://www.lepetitvapoteur.com/fr/curieux/5692-e-liquide-earl-grey-curieux.html,https://www.lepetitvapoteur.com/23046-large/e-liquide-earl-grey-curieux.jpg?v=111
Bübü Saiyen Vapors 50 ml,https://www.lepetitvapoteur.com/fr/e-liquide-saiyen-vapors/6103-e-liquide-bubu-saiyen-vapors-50-ml.html,https://www.lepetitvapoteur.com/23538-large/e-liquide-bubu-saiyen-vapors-50-ml.jpg?v=111
Lychee Lemonade Zap Juice,https://www.lepetitvapoteur.com/fr/e-liquide-zap-juice/6114-lychee-lemonade-zap-juice.html,https://www.lepetitvapoteur.com/47648-large/lychee-lemonade-zap-juice.jpg?v=111
Melonade Zap Juice,https://www.lepetitvapoteur.com/fr/e-liquide-zap-juice/6115-melonade-zap-juice-aux-sels-de-nicotine.html,https://www.lepetitvapoteur.com/47649-large/melonade-zap-juice-aux-sels-de-nicotine.jpg?v=111
Peach Ice Tea Zap Juice,https://www.lepetitvapoteur.com/fr/e-liquide-zap-juice/6116-e-liquide-peach-ice-tea-zap-juice.html,https://www.lepetitvapoteur.com/47650-large/e-liquide-peach-ice-tea-zap-juice.jpg?v=111
Tropical Melon Madness Slushy,https://www.lepetitvapoteur.com/fr/e-liquide-slushy/6309-e-liquide-tropical-melon-madness-slushy.html,https://www.lepetitvapoteur.com/47727-large/e-liquide-tropical-melon-madness-slushy.jpg?v=111
Coffee Break Vap Land Juice 50 ml,https://www.lepetitvapoteur.com/fr/vap-land-juice/6364-e-liquide-coffee-break-vap-land-juice-50-ml.html,https://www.lepetitvapoteur.com/45898-large/e-liquide-coffee-break-vap-land-juice-50-ml.jpg?v=111
Le Café Des Gourmands Revolute 50 ml,https://www.lepetitvapoteur.com/fr/e-liquide-revolute/6410-e-liquide-le-cafe-des-gourmand-revolute-50-ml.html,https://www.lepetitvapoteur.com/24141-large/e-liquide-le-cafe-des-gourmand-revolute-50-ml.jpg?v=111
Galuchat Essentielle Curieux,https://www.lepetitvapoteur.com/fr/curieux/6457-e-liquide-galuchat-essentielle-curieux.html,https://www.lepetitvapoteur.com/24526-large/e-liquide-galuchat-essentielle-curieux.jpg?v=111
Baba Au Rhum Dessert Curieux,https://www.lepetitvapoteur.com/fr/curieux/6462-e-liquide-baba-au-rhum-dessert-curieux.html,https://www.lepetitvapoteur.com/41318-large/e-liquide-baba-au-rhum-dessert-curieux.jpg?v=111
Verveine Zestée Sense,https://www.lepetitvapoteur.com/fr/sense/6518-verveine-zestee-sense.html,https://www.lepetitvapoteur.com/47523-large/verveine-zestee-sense.jpg?v=111
Grenadine Minimal,https://www.lepetitvapoteur.com/fr/minimal/6567-e-liquide-grenadine-minimal.html,https://www.lepetitvapoteur.com/47729-large/e-liquide-grenadine-minimal.jpg?v=111
Fruits Frais Minimal,https://www.lepetitvapoteur.com/fr/minimal/6571-e-liquide-fruits-frais-minimal.html,https://www.lepetitvapoteur.com/47732-large/e-liquide-fruits-frais-minimal.jpg?v=111
Red Devil Avap,https://www.lepetitvapoteur.com/fr/avap/6700-e-liquide-red-devil-avap.html,https://www.lepetitvapoteur.com/47745-large/e-liquide-red-devil-avap.jpg?v=111
Red Devil Avap 50 ml,https://www.lepetitvapoteur.com/fr/avap/6703-red-devil-avap-50-ml.html,https://www.lepetitvapoteur.com/24879-large/red-devil-avap-50-ml.jpg?v=111
Karma Swoke 50 ml,https://www.lepetitvapoteur.com/fr/swoke/6811-karma-swoke-50-ml-.html,https://www.lepetitvapoteur.com/25252-large/karma-swoke-50-ml-.jpg?v=111
Lychee Lemonade Zap Juice 50 ml,https://www.lepetitvapoteur.com/fr/e-liquide-zap-juice/6886-e-liquide-lychee-lemonade-zap-juice-50-ml.html,https://www.lepetitvapoteur.com/25411-large/e-liquide-lychee-lemonade-zap-juice-50-ml.jpg?v=111
Le Petit Curieux 50 ml,https://www.lepetitvapoteur.com/fr/lpv-and-friends/6891-e-liquide-le-petit-curieux-50-ml.html,https://www.lepetitvapoteur.com/25435-large/e-liquide-le-petit-curieux-50-ml.jpg?v=111
Peps'Tea Hyster-X,https://www.lepetitvapoteur.com/fr/hyster-x/6917-e-liquide-peps-tea-hyster-x.html,https://www.lepetitvapoteur.com/47995-large/e-liquide-peps-tea-hyster-x.jpg?v=111
Frozen Bübü Saiyen Vapors 50 ml,https://www.lepetitvapoteur.com/fr/e-liquide-saiyen-vapors/7046-e-liquide-frozen-bubu-saiyen-vapors-50-ml.html,https://www.lepetitvapoteur.com/25856-large/e-liquide-frozen-bubu-saiyen-vapors-50-ml.jpg?v=111
Colère 50 ml,https://www.lepetitvapoteur.com/fr/7-peches-capitaux/7301-liquide-colere-30-ml.html,https://www.lepetitvapoteur.com/26662-large/liquide-colere-30-ml.jpg?v=111
Orgueil 50 ml,https://www.lepetitvapoteur.com/fr/7-peches-capitaux/7304-liquide-orgueil-30-ml.html,https://www.lepetitvapoteur.com/26709-large/liquide-orgueil-30-ml.jpg?v=111
Le Petit Curieux,https://www.lepetitvapoteur.com/fr/lpv-and-friends/7883-e-liquide-le-petit-curieux.html,https://www.lepetitvapoteur.com/46373-large/e-liquide-le-petit-curieux.jpg?v=111
PULP Café du Saint Amour,https://www.lepetitvapoteur.com/fr/pulp/8098-e-liquide-pulp-cafe-du-saint-amour.html,https://www.lepetitvapoteur.com/47880-large/e-liquide-pulp-cafe-du-saint-amour.jpg?v=111
Café Moka Flavour Power,https://www.lepetitvapoteur.com/fr/flavour-power/8348-e-liquide-cafe-moka-flavour-power.html,https://www.lepetitvapoteur.com/47539-large/e-liquide-cafe-moka-flavour-power.jpg?v=111
PULP Cola Glacé,https://www.lepetitvapoteur.com/fr/pulp/8517-e-liquide-pulp-cola-glace.html,https://www.lepetitvapoteur.com/47884-large/e-liquide-pulp-cola-glace.jpg?v=111
Ice Beam Furiosa,https://www.lepetitvapoteur.com/fr/furiosa/2532-e-liquide-ice-beam-par-furiosa.html,https://www.lepetitvapoteur.com/48081-large/e-liquide-ice-beam-par-furiosa.jpg?v=111
Dragon Clouds Furiosa 40 ml,https://www.lepetitvapoteur.com/fr/furiosa/6092-e-liquide-dragon-clouds-furiosa-40-ml.html,https://www.lepetitvapoteur.com/23505-large/e-liquide-dragon-clouds-furiosa-40-ml.jpg?v=111
Ice Beam 40 ml Furiosa,https://www.lepetitvapoteur.com/fr/furiosa/4700-e-liquide-ice-beam-40-ml-par-furiosa.html,https://www.lepetitvapoteur.com/19443-large/e-liquide-ice-beam-40-ml-par-furiosa.jpg?v=111
Lava Drops Furiosa 40 ml,https://www.lepetitvapoteur.com/fr/furiosa/4699-e-liquide-lava-drops-40-ml-par-furiosa.html,https://www.lepetitvapoteur.com/19442-large/e-liquide-lava-drops-40-ml-par-furiosa.jpg?v=111
Mojito Green Vapes,https://www.lepetitvapoteur.com/fr/green-vapes/1890-e-liquide-mojito-green-vapes.html,https://www.lepetitvapoteur.com/47555-large/e-liquide-mojito-green-vapes.jpg?v=111
Malibu Halo,https://www.lepetitvapoteur.com/fr/halo/27-e-liquide-malibu-halo.html,https://www.lepetitvapoteur.com/14263-large/e-liquide-malibu-halo.jpg?v=111
Black Flag Risen Five Pawns 50 ml,https://www.lepetitvapoteur.com/fr/five-pawns/8819-e-liquide-black-flag-risen-five-pawns-50-ml.html,https://www.lepetitvapoteur.com/33922-large/e-liquide-black-flag-risen-five-pawns-50-ml.jpg?v=111
Super Cola Kyandi Shop 50 ml,https://www.lepetitvapoteur.com/fr/kyandi-shop-/6420-e-liquide-super-cola-kyandi-shop-50-ml.html,https://www.lepetitvapoteur.com/24160-large/e-liquide-super-cola-kyandi-shop-50-ml.jpg?v=111
La Petite Limo Petit Nuage,https://www.lepetitvapoteur.com/fr/petit-nuage/8967-e-liquide-la-petite-limo-petit-nuage.html,https://www.lepetitvapoteur.com/47622-large/e-liquide-la-petite-limo-petit-nuage.jpg?v=111
Grenade Pilée Petit Nuage,https://www.lepetitvapoteur.com/fr/petit-nuage/8966-e-liquide-grenade-pilee-petit-nuage.html,https://www.lepetitvapoteur.com/47621-large/e-liquide-grenade-pilee-petit-nuage.jpg?v=111
Don VaNilla'S 50 ml,https://www.lepetitvapoteur.com/fr/vns/8969-e-liquide-don-vanilla-s-50-ml.html,https://www.lepetitvapoteur.com/31460-large/e-liquide-don-vanilla-s-50-ml.jpg?v=111
La Pause Noisette Petit Nuage,https://www.lepetitvapoteur.com/fr/petit-nuage/9049-e-liquide-la-pause-noisette-petit-nuage.html,https://www.lepetitvapoteur.com/47625-large/e-liquide-la-pause-noisette-petit-nuage.jpg?v=111
La Sironade Violette Petit Nuage,https://www.lepetitvapoteur.com/fr/petit-nuage/9051-e-liquide-la-sironade-violette-petit-nuage.html,https://www.lepetitvapoteur.com/47626-large/e-liquide-la-sironade-violette-petit-nuage.jpg?v=111
La Sironade Violette Petit Nuage 60 ml,https://www.lepetitvapoteur.com/fr/petit-nuage/9192-e-liquide-la-sironade-violette-petit-nuage-60-ml.html,https://www.lepetitvapoteur.com/32047-large/e-liquide-la-sironade-violette-petit-nuage-60-ml.jpg?v=111
Waria Mawix 100 ml,https://www.lepetitvapoteur.com/fr/mawix/9325-e-liquide-waria-mawix-100-ml.html,https://www.lepetitvapoteur.com/32494-large/e-liquide-waria-mawix-100-ml.jpg?v=111
Edja Mawix 100 ml,https://www.lepetitvapoteur.com/fr/mawix/9326-e-liquide-edja-mawix-100-ml.html,https://www.lepetitvapoteur.com/32495-large/e-liquide-edja-mawix-100-ml.jpg?v=111
Le Petit Cocktail Petit Nuage 60 ml,https://www.lepetitvapoteur.com/fr/petit-nuage/9356-e-liquide-le-petit-cocktail-petit-nuage-60-ml.html,https://www.lepetitvapoteur.com/32547-large/e-liquide-le-petit-cocktail-petit-nuage-60-ml.jpg?v=111
La Petite Limo Petit Nuage 60 ml,https://www.lepetitvapoteur.com/fr/petit-nuage/9355-e-liquide-la-petite-limo-petit-nuage-60-ml.html,https://www.lepetitvapoteur.com/32546-large/e-liquide-la-petite-limo-petit-nuage-60-ml.jpg?v=111
Infusion d'ailleurs Petit Nuage,https://www.lepetitvapoteur.com/fr/petit-nuage/9388-e-liquide-infusion-d-ailleurs-petit-nuage.html,https://www.lepetitvapoteur.com/47631-large/e-liquide-infusion-d-ailleurs-petit-nuage.jpg?v=111
Early Haven Green Vapes 50 ml,https://www.lepetitvapoteur.com/fr/green-vapes/9594-e-liquide-early-haven-green-vapes-50-ml.html,https://www.lepetitvapoteur.com/37238-large/e-liquide-early-haven-green-vapes-50-ml.jpg?v=111
Grenadille,https://www.lepetitvapoteur.com/fr/le-petit-vapoteur/9806-e-liquide-grenadille.html,https://www.lepetitvapoteur.com/46648-large/e-liquide-grenadille.jpg?v=111
Lime & Framboise Bleue Mukk Mukk 50 ml,https://www.lepetitvapoteur.com/fr/mukk-mukk/10174-e-liquide-lime-framboise-bleue-mukk-mukk-50-ml.html,https://www.lepetitvapoteur.com/34837-large/e-liquide-lime-framboise-bleue-mukk-mukk-50-ml.jpg?v=111
Ice Lime & Framboise Bleue Mukk Mukk 50 ml,https://www.lepetitvapoteur.com/fr/mukk-mukk/10176-e-liquide-ice-lime-framboise-bleue-mukk-mukk-50-ml.html,https://www.lepetitvapoteur.com/34839-large/e-liquide-ice-lime-framboise-bleue-mukk-mukk-50-ml.jpg?v=111
Lemon Lemon'Time 50 ml,https://www.lepetitvapoteur.com/fr/lemon-time/10330-e-liquide-lemon-lemon-time-50-ml.html,https://www.lepetitvapoteur.com/35211-large/e-liquide-lemon-lemon-time-50-ml.jpg?v=111
Red Fruit Lemon'Time 50 ml,https://www.lepetitvapoteur.com/fr/lemon-time/10331-e-liquide-red-fruit-lemon-time-50-ml.html,https://www.lepetitvapoteur.com/35210-large/e-liquide-red-fruit-lemon-time-50-ml.jpg?v=111
Orange Lemon'Time 50 ml,https://www.lepetitvapoteur.com/fr/lemon-time/10332-e-liquide-orange-lemon-time-50-ml.html,https://www.lepetitvapoteur.com/35209-large/e-liquide-orange-lemon-time-50-ml.jpg?v=111
Strawberry Lemon'Time 50 ml,https://www.lepetitvapoteur.com/fr/lemon-time/10334-e-liquide-strawberry-lemon-time-50-ml.html,https://www.lepetitvapoteur.com/35208-large/e-liquide-strawberry-lemon-time-50-ml.jpg?v=111
Dragon Fruit Lemon'Time 50 ml,https://www.lepetitvapoteur.com/fr/lemon-time/10335-e-liquide-dragon-fruit-lemon-time-50-ml.html,https://www.lepetitvapoteur.com/35207-large/e-liquide-dragon-fruit-lemon-time-50-ml.jpg?v=111
Lemon Lemon'Time,https://www.lepetitvapoteur.com/fr/lemon-time/10336-e-liquide-lemon-lemon-time.html,https://www.lepetitvapoteur.com/47692-large/e-liquide-lemon-lemon-time.jpg?v=111
Dragon Fruit Lemon'Time,https://www.lepetitvapoteur.com/fr/lemon-time/10340-e-liquide-dragon-fruit-lemon-time.html,https://www.lepetitvapoteur.com/47693-large/e-liquide-dragon-fruit-lemon-time.jpg?v=111
Dark Vaper Gold 50 ml,https://www.lepetitvapoteur.com/fr/dark-vaper/10468-e-liquide-dark-vaper-gold-50-ml.html,https://www.lepetitvapoteur.com/45339-large/e-liquide-dark-vaper-gold-50-ml.jpg?v=111
Alucard Ultimate 50 ml,https://www.lepetitvapoteur.com/fr/ultimate/10757-e-liquide-alucard-ultimate-50-ml.html,https://www.lepetitvapoteur.com/36199-large/e-liquide-alucard-ultimate-50-ml.jpg?v=111
Mojito Menthe Citron Punk Funk Hero 50 ml,https://www.lepetitvapoteur.com/fr/punk-funk-hero/10905-e-liquide-mojito-menthe-citron-punk-funk-hero-50-ml.html,https://www.lepetitvapoteur.com/36772-large/e-liquide-mojito-menthe-citron-punk-funk-hero-50-ml.jpg?v=111
Pina Colada Punk Funk Hero 50 ml,https://www.lepetitvapoteur.com/fr/punk-funk-hero/10907-e-liquide-pina-colada-punk-funk-hero-50-ml.html,https://www.lepetitvapoteur.com/36774-large/e-liquide-pina-colada-punk-funk-hero-50-ml.jpg?v=111
Bold Dad Big Papa 50 ml,https://www.lepetitvapoteur.com/fr/big-papa/11054-e-liquide-bold-dad-big-papa-50-ml.html,https://www.lepetitvapoteur.com/37114-large/e-liquide-bold-dad-big-papa-50-ml.jpg?v=111
George Swoke 50 ml,https://www.lepetitvapoteur.com/fr/swoke/11160-e-liquide-george-swoke-50-ml.html,https://www.lepetitvapoteur.com/37399-large/e-liquide-george-swoke-50-ml.jpg?v=111
L'Eau Tropicale Petit Nuage 60 ml,https://www.lepetitvapoteur.com/fr/petit-nuage/11173-e-liquide-l-eau-tropicale-petit-nuage-60-ml.html,https://www.lepetitvapoteur.com/37514-large/e-liquide-l-eau-tropicale-petit-nuage-60-ml.jpg?v=111
Etoiles Filantes Petit Nuage 60 ml,https://www.lepetitvapoteur.com/fr/petit-nuage/11174-e-liquide-etoiles-filantes-petit-nuage-60-ml.html,https://www.lepetitvapoteur.com/37574-large/e-liquide-etoiles-filantes-petit-nuage-60-ml.jpg?v=111
L'Eau Tropicale Petit Nuage,https://www.lepetitvapoteur.com/fr/petit-nuage/11177-e-liquide-l-eau-tropicale-petit-nuage.html,https://www.lepetitvapoteur.com/47636-large/e-liquide-l-eau-tropicale-petit-nuage.jpg?v=111
Le Yolo Slime Monster Mécanique des...,https://www.lepetitvapoteur.com/fr/slime-monster/11231-e-liquide-le-yolo-slime-monster-mecanique-des-fluides-80-ml.html,https://www.lepetitvapoteur.com/37625-large/e-liquide-le-yolo-slime-monster-mecanique-des-fluides-80-ml.jpg?v=111
Thé Pêche Green Vapes 50 ml,https://www.lepetitvapoteur.com/fr/green-vapes/11246-e-liquide-the-peche-green-vapes-50ml.html,https://www.lepetitvapoteur.com/37679-large/e-liquide-the-peche-green-vapes-50ml.jpg?v=111
Cherbourg mon amour Hexagone Curieux 50 ml,https://www.lepetitvapoteur.com/fr/curieux/11285-e-liquide-cherbourg-mon-amour-hexagone-curieux-50-ml.html,https://www.lepetitvapoteur.com/37843-large/e-liquide-cherbourg-mon-amour-hexagone-curieux-50-ml.jpg?v=111
Infusion d'ailleurs Petit Nuage 60 ml,https://www.lepetitvapoteur.com/fr/petit-nuage/11294-e-liquide-infusion-d-ailleurs-petit-nuage-60-ml.html,https://www.lepetitvapoteur.com/37913-large/e-liquide-infusion-d-ailleurs-petit-nuage-60-ml.jpg?v=111
Pink Raspberry Lemonade Aisu Tokyo Series...,https://www.lepetitvapoteur.com/fr/aisu/11391-e-liquide-pink-raspberry-lemonade-aisu-tokyo-series-50ml.html,https://www.lepetitvapoteur.com/38158-large/e-liquide-pink-raspberry-lemonade-aisu-tokyo-series-50ml.jpg?v=111
Cola Cerise Salt E-Vapor,https://www.lepetitvapoteur.com/fr/e-liquide-salt-e-vapor/11442-e-liquide-cola-cerise-salt-e-vapor.html,https://www.lepetitvapoteur.com/47945-large/e-liquide-cola-cerise-salt-e-vapor.jpg?v=111
Dragonade Liquideo,https://www.lepetitvapoteur.com/fr/liquideo/11557-e-liquide-dragonade-liquideo.html,https://www.lepetitvapoteur.com/48079-large/e-liquide-dragonade-liquideo.jpg?v=111
Cherbourg Mon Amour Hexagone Curieux,https://www.lepetitvapoteur.com/fr/curieux/11569-e-liquide-cherbourg-mon-amour-hexagone-curieux.html,https://www.lepetitvapoteur.com/38849-large/e-liquide-cherbourg-mon-amour-hexagone-curieux.jpg?v=111
Alfaliquid Candy Cola,https://www.lepetitvapoteur.com/fr/alfaliquid/317-alfaliquid-candy-cola.html,https://www.lepetitvapoteur.com/44221-large/alfaliquid-candy-cola.jpg?v=111
Green Devil Avap 50 ml,https://www.lepetitvapoteur.com/fr/avap/6872-e-liquide-green-devil-avap-50-ml.html,https://www.lepetitvapoteur.com/25366-large/e-liquide-green-devil-avap-50-ml.jpg?v=111
Sugar Daddy Big Papa,https://www.lepetitvapoteur.com/fr/big-papa/8175-e-liquide-sugar-daddy-big-papa.html,https://www.lepetitvapoteur.com/28908-large/e-liquide-sugar-daddy-big-papa.jpg?v=111
Rad Dad Big Papa 50 ml,https://www.lepetitvapoteur.com/fr/big-papa/7716-e-liquide-rad-dad-big-papa-50-ml.html,https://www.lepetitvapoteur.com/27727-large/e-liquide-rad-dad-big-papa-50-ml.jpg?v=111
Sugar Daddy Big Papa 50 ml,https://www.lepetitvapoteur.com/fr/big-papa/7721-e-liquide-sugar-daddy-big-papa-50-ml.html,https://www.lepetitvapoteur.com/27728-large/e-liquide-sugar-daddy-big-papa-50-ml.jpg?v=111
Sugar Daddy Biggie Big Papa 200 ml,https://www.lepetitvapoteur.com/fr/big-papa/9288-e-liquide-sugar-daddy-biggie-big-papa-200-ml.html,https://www.lepetitvapoteur.com/32466-large/e-liquide-sugar-daddy-biggie-big-papa-200-ml.jpg?v=111
Brave Classic Wanted 50 ml,https://www.lepetitvapoteur.com/fr/classic-wanted/7074-e-liquide-wanted-brave-50-ml-cirkus.html,https://www.lepetitvapoteur.com/40099-large/e-liquide-wanted-brave-50-ml-cirkus.jpg?v=111
Reserve Classic Wanted 50 ml,https://www.lepetitvapoteur.com/fr/classic-wanted/5132-e-liquide-reserve-classic-wanted-50-ml.html,https://www.lepetitvapoteur.com/40102-large/e-liquide-reserve-classic-wanted-50-ml.jpg?v=111
Reserve Classic Wanted,https://www.lepetitvapoteur.com/fr/classic-wanted/2913-classic-wanted-reserve.html,https://www.lepetitvapoteur.com/47788-large/classic-wanted-reserve.jpg?v=111
Dulce Dictator,https://www.lepetitvapoteur.com/fr/e-liquide-dictator/4851-e-liquide-dulce-dictator.html,https://www.lepetitvapoteur.com/47983-large/e-liquide-dulce-dictator.jpg?v=111
Dulce Dictator 50 ml,https://www.lepetitvapoteur.com/fr/e-liquide-dictator/5804-e-liquide-dulce-dictator-50-ml.html,https://www.lepetitvapoteur.com/22819-large/e-liquide-dulce-dictator-50-ml.jpg?v=111
Petite Boisson Petit Nuage,https://www.lepetitvapoteur.com/fr/petit-nuage/11863-e-liquide-petite-boisson-petit-nuage.html,https://www.lepetitvapoteur.com/47639-large/e-liquide-petite-boisson-petit-nuage.jpg?v=111
Sironade Dragon Petit Nuage,https://www.lepetitvapoteur.com/fr/petit-nuage/11864-e-liquide-sironade-dragon-petit-nuage.html,https://www.lepetitvapoteur.com/47640-large/e-liquide-sironade-dragon-petit-nuage.jpg?v=111
Caresses des Îles Petit Nuage,https://www.lepetitvapoteur.com/fr/petit-nuage/11866-e-liquide-caresses-des-iles-petit-nuage.html,https://www.lepetitvapoteur.com/47642-large/e-liquide-caresses-des-iles-petit-nuage.jpg?v=111
Petite Boisson Petit Nuage 60 ml,https://www.lepetitvapoteur.com/fr/petit-nuage/11869-e-liquide-petite-boisson-petit-nuage-60-ml.html,https://www.lepetitvapoteur.com/40171-large/e-liquide-petite-boisson-petit-nuage-60-ml.jpg?v=111
Sironade Dragon Petit Nuage 60 ml,https://www.lepetitvapoteur.com/fr/petit-nuage/11870-e-liquide-sironade-dragon-petit-nuage-60-ml.html,https://www.lepetitvapoteur.com/40172-large/e-liquide-sironade-dragon-petit-nuage-60-ml.jpg?v=111
Grenadine,https://www.lepetitvapoteur.com/fr/le-petit-vapoteur/11918-e-liquide-grenadine.html,https://www.lepetitvapoteur.com/46652-large/e-liquide-grenadine.jpg?v=111
Café Gourmand,https://www.lepetitvapoteur.com/fr/le-petit-vapoteur/11920-e-liquide-cafe-gourmand.html,https://www.lepetitvapoteur.com/46654-large/e-liquide-cafe-gourmand.jpg?v=111
Grenadine 50 ml,https://www.lepetitvapoteur.com/fr/le-petit-vapoteur/11921-e-liquide-grenadine-50-ml.html,https://www.lepetitvapoteur.com/42290-large/e-liquide-grenadine-50-ml.jpg?v=111
Café Gourmand 50 ml,https://www.lepetitvapoteur.com/fr/le-petit-vapoteur/11923-e-liquide-cafe-gourmand-50-ml.html,https://www.lepetitvapoteur.com/42177-large/e-liquide-cafe-gourmand-50-ml.jpg?v=111
L'eau Tropicale Petit Nuage aux sels de...,https://www.lepetitvapoteur.com/fr/petit-nuage/11882-e-liquide-l-eau-tropicale-petit-nuage-aux-sels-de-nicotine.html,https://www.lepetitvapoteur.com/40189-large/e-liquide-l-eau-tropicale-petit-nuage-aux-sels-de-nicotine.jpg?v=111
La Petite Limo Petit Nuage aux sels de...,https://www.lepetitvapoteur.com/fr/petit-nuage/11881-e-liquide-la-petite-limo-petit-nuage-aux-sels-de-nicotine.html,https://www.lepetitvapoteur.com/40188-large/e-liquide-la-petite-limo-petit-nuage-aux-sels-de-nicotine.jpg?v=111
Mojito des îles Les Essentiels 100 ml,https://www.lepetitvapoteur.com/fr/les-essentiels/11947-e-liquide-mojito-des-iles-les-essentiels-100-ml.html,https://www.lepetitvapoteur.com/40026-large/e-liquide-mojito-des-iles-les-essentiels-100-ml.jpg?v=111
Café Crème Tasty Collection 100 ml,https://www.lepetitvapoteur.com/fr/tasty-collection/11940-e-liquide-cafe-creme-tasty-collection-100-ml.html,https://www.lepetitvapoteur.com/40036-large/e-liquide-cafe-creme-tasty-collection-100-ml.jpg?v=111
L'attrape Rêves Petit Nuage aux sels de...,https://www.lepetitvapoteur.com/fr/petit-nuage/11880-e-liquide-l-attrape-reves-petit-nuage-aux-sels-de-nicotine.html,https://www.lepetitvapoteur.com/40187-large/e-liquide-l-attrape-reves-petit-nuage-aux-sels-de-nicotine.jpg?v=111
Vigo Saint Flava 50 ml,https://www.lepetitvapoteur.com/fr/saint-flava/12078-e-liquide-vigo-saint-flava-50-ml.html,https://www.lepetitvapoteur.com/40589-large/e-liquide-vigo-saint-flava-50-ml.jpg?v=111
Xena Saint Flava 50 ml,https://www.lepetitvapoteur.com/fr/saint-flava/12080-e-liquide-xena-saint-flava-50-ml.html,https://www.lepetitvapoteur.com/40591-large/e-liquide-xena-saint-flava-50-ml.jpg?v=111
Cosmo Saint Flava 50 ml,https://www.lepetitvapoteur.com/fr/saint-flava/12082-e-liquide-cosmo-saint-flava-50-ml.html,https://www.lepetitvapoteur.com/40593-large/e-liquide-cosmo-saint-flava-50-ml.jpg?v=111
Limonade,https://www.lepetitvapoteur.com/fr/le-petit-vapoteur/12166-e-liquide-limonade.html,https://www.lepetitvapoteur.com/46657-large/e-liquide-limonade.jpg?v=111
Limonade 50 ml,https://www.lepetitvapoteur.com/fr/le-petit-vapoteur/12167-e-liquide-limonade-50-ml.html,https://www.lepetitvapoteur.com/41232-large/e-liquide-limonade-50-ml.jpg?v=111
Goroka Mascarade 100 ml,https://www.lepetitvapoteur.com/fr/mascarade/12066-e-liquide-goroka-mascarade-100-ml.html,https://www.lepetitvapoteur.com/40919-large/e-liquide-goroka-mascarade-100-ml.jpg?v=111
La Chose 50/50 Le French Liquide 50 ml,https://www.lepetitvapoteur.com/fr/le-french-liquide/4810-e-liquide-la-chose-5050-le-french-liquide.html,https://www.lepetitvapoteur.com/46501-large/e-liquide-la-chose-5050-le-french-liquide.jpg?v=111
Blueberry Lemon'Time,https://www.lepetitvapoteur.com/fr/lemon-time/12437-e-liquide-blueberry-lemon-time.html,https://www.lepetitvapoteur.com/41437-large/e-liquide-blueberry-lemon-time.jpg?v=111
Blueberry Lemon'Time 50 ml,https://www.lepetitvapoteur.com/fr/lemon-time/12440-e-liquide-blueberry-lemon-time-50-ml.html,https://www.lepetitvapoteur.com/41440-large/e-liquide-blueberry-lemon-time-50-ml.jpg?v=111
Mango Lemon'Time 50 ml,https://www.lepetitvapoteur.com/fr/lemon-time/12441-e-liquide-mango-lemon-time-50-ml.html,https://www.lepetitvapoteur.com/41441-large/e-liquide-mango-lemon-time-50-ml.jpg?v=111
Passion Fruit Lemon'Time 50 ml,https://www.lepetitvapoteur.com/fr/lemon-time/12442-e-liquide-passion-fruit-lemon-time-50-ml.html,https://www.lepetitvapoteur.com/41442-large/e-liquide-passion-fruit-lemon-time-50-ml.jpg?v=111
Green Fizz Paperland 100 ml,https://www.lepetitvapoteur.com/fr/paperland/12532-e-liquide-green-fizz-paperland-100-ml.html,https://www.lepetitvapoteur.com/41651-large/e-liquide-green-fizz-paperland-100-ml.jpg?v=111
Pirates Caraïbes Full Moon 50 ml,https://www.lepetitvapoteur.com/fr/e-liquide-full-moon/12630-e-liquide-pirates-caraibes-full-moon-50-ml.html,https://www.lepetitvapoteur.com/41776-large/e-liquide-pirates-caraibes-full-moon-50-ml.jpg?v=111
Mûre Cassis Granita 50 ml,https://www.lepetitvapoteur.com/fr/granita/12716-e-liquide-mure-cassis-granita-50-ml.html,https://www.lepetitvapoteur.com/42010-large/e-liquide-mure-cassis-granita-50-ml.jpg?v=111
Pink Key Secret's Keys 50 ml,https://www.lepetitvapoteur.com/fr/secret-s-keys/12781-e-liquide-pink-key-secret-s-keys-50-ml.html,https://www.lepetitvapoteur.com/42243-large/e-liquide-pink-key-secret-s-keys-50-ml.jpg?v=111
Cola,https://www.lepetitvapoteur.com/fr/le-petit-vapoteur/12735-e-liquide-cola.html,https://www.lepetitvapoteur.com/46658-large/e-liquide-cola.jpg?v=111
Cola 50 ml,https://www.lepetitvapoteur.com/fr/le-petit-vapoteur/12734-e-liquide-cola-50-ml.html,https://www.lepetitvapoteur.com/42561-large/e-liquide-cola-50-ml.jpg?v=111
Thé Pêche Le Pod Liquide by Pulp aux sels...,https://www.lepetitvapoteur.com/fr/pulp/12856-e-liquide-the-peche-le-pod-liquide-by-pulp-aux-sels-de-nicotine.html,https://www.lepetitvapoteur.com/47901-large/e-liquide-the-peche-le-pod-liquide-by-pulp-aux-sels-de-nicotine.jpg?v=111
Cassis Givré Le Pod Liquide by Pulp aux...,https://www.lepetitvapoteur.com/fr/pulp/12857-e-liquide-cassis-givre-le-pod-liquide-by-pulp-aux-sels-de-nicotine.html,https://www.lepetitvapoteur.com/47917-large/e-liquide-cassis-givre-le-pod-liquide-by-pulp-aux-sels-de-nicotine.jpg?v=111
Darjeeling Tea Curieux 50 ml,https://www.lepetitvapoteur.com/fr/curieux/12913-e-liquide-darjeeling-tea-curieux-50-ml.html,https://www.lepetitvapoteur.com/42432-large/e-liquide-darjeeling-tea-curieux-50-ml.jpg?v=111
Earl Grey Tea Curieux 50 ml,https://www.lepetitvapoteur.com/fr/curieux/12914-e-liquide-earl-grey-tea-curieux-50-ml.html,https://www.lepetitvapoteur.com/42435-large/e-liquide-earl-grey-tea-curieux-50-ml.jpg?v=111
Genmaicha Tea Curieux 50 ml,https://www.lepetitvapoteur.com/fr/curieux/12915-e-liquide-genmaicha-tea-curieux-50-ml.html,https://www.lepetitvapoteur.com/42434-large/e-liquide-genmaicha-tea-curieux-50-ml.jpg?v=111
Virginia Tea Curieux 50 ml,https://www.lepetitvapoteur.com/fr/curieux/12917-e-liquide-virginia-tea-curieux-50-ml.html,https://www.lepetitvapoteur.com/42433-large/e-liquide-virginia-tea-curieux-50-ml.jpg?v=111
Virginia Tea Curieux,https://www.lepetitvapoteur.com/fr/curieux/5691-e-liquide-virginia-tea-curieux.html,https://www.lepetitvapoteur.com/23045-large/e-liquide-virginia-tea-curieux.jpg?v=111
Green Fizz Paperland aux sels de nicotine,https://www.lepetitvapoteur.com/fr/paperland/13049-e-liquide-green-fizz-paperland-aux-sels-de-nicotine.html,https://www.lepetitvapoteur.com/47566-large/e-liquide-green-fizz-paperland-aux-sels-de-nicotine.jpg?v=111
Le Canadien Montréal Original,https://www.lepetitvapoteur.com/fr/montreal-original/13104-e-liquide-le-canadien-montreal-original.html,https://www.lepetitvapoteur.com/42932-large/e-liquide-le-canadien-montreal-original.jpg?v=111
Le Canadien Montréal Original 50 ml,https://www.lepetitvapoteur.com/fr/montreal-original/13105-e-liquide-le-canadien-montreal-original-50-ml.html,https://www.lepetitvapoteur.com/42976-large/e-liquide-le-canadien-montreal-original-50-ml.jpg?v=111
Liquid Luck Original Elixirs Al-Kimiya 50 ml,https://www.lepetitvapoteur.com/fr/al-kimiya/13214-e-liquide-liquid-luck-original-elixirs-al-kimiya-50-ml.html,https://www.lepetitvapoteur.com/43122-large/e-liquide-liquid-luck-original-elixirs-al-kimiya-50-ml.jpg?v=111
Spirit Tonic Elixirs Al-Kimiya 50 ml,https://www.lepetitvapoteur.com/fr/al-kimiya/13216-e-liquide-spirit-tonic-elixirs-al-kimiya-50-ml.html,https://www.lepetitvapoteur.com/43124-large/e-liquide-spirit-tonic-elixirs-al-kimiya-50-ml.jpg?v=111
Coari Amazone 50 ml,https://www.lepetitvapoteur.com/fr/e-liquide-amazone/13386-e-liquide-coari-amazone-50-ml.html,https://www.lepetitvapoteur.com/44630-large/e-liquide-coari-amazone-50-ml.jpg?v=111
Huallaga Amazone 50 ml,https://www.lepetitvapoteur.com/fr/e-liquide-amazone/13387-e-liquide-huallaga-amazone-50-ml.html,https://www.lepetitvapoteur.com/44631-large/e-liquide-huallaga-amazone-50-ml.jpg?v=111
Pina Colada Extrapure 50 ml,https://www.lepetitvapoteur.com/fr/extrapure/13413-e-liquide-pina-colada-extrapure-50-ml.html,https://www.lepetitvapoteur.com/43519-large/e-liquide-pina-colada-extrapure-50-ml.jpg?v=111
Le Cola Extrapure 50 ml,https://www.lepetitvapoteur.com/fr/extrapure/13428-e-liquide-le-cola-extrapure-50-ml.html,https://www.lepetitvapoteur.com/43529-large/e-liquide-le-cola-extrapure-50-ml.jpg?v=111
Energy Drink Extrapure 50 ml,https://www.lepetitvapoteur.com/fr/extrapure/13434-e-liquide-energy-drink-extrapure-50-ml.html,https://www.lepetitvapoteur.com/43535-large/e-liquide-energy-drink-extrapure-50-ml.jpg?v=111
Puchino Graham Fuel 100 ml,https://www.lepetitvapoteur.com/fr/graham-fuel/13458-e-liquide-puchino-graham-fuel-100-ml.html,https://www.lepetitvapoteur.com/43454-large/e-liquide-puchino-graham-fuel-100-ml.jpg?v=111
Limonade Fruits rouges ENFER Pod aux sels...,https://www.lepetitvapoteur.com/fr/enfer-/13471-limonade-fruits-rouges-enfer-pod-aux-sels-de-nicotine.html,https://www.lepetitvapoteur.com/48090-large/limonade-fruits-rouges-enfer-pod-aux-sels-de-nicotine.jpg?v=111
Coconut Latte Aisu Mokasmo aux sels de...,https://www.lepetitvapoteur.com/fr/aisu/13486-e-liquide-coconut-latte-aisu-mokasmo-aux-sels-de-nicotine-10ml-10mg.html,https://www.lepetitvapoteur.com/47663-large/e-liquide-coconut-latte-aisu-mokasmo-aux-sels-de-nicotine-10ml-10mg.jpg?v=111
Hazelnut Latte Aisu Mokasmo Aux sels de...,https://www.lepetitvapoteur.com/fr/aisu/13487-e-liquide-hazelnut-latte-aisu-mokasmo-aux-sels-de-nicotine.html,https://www.lepetitvapoteur.com/47664-large/e-liquide-hazelnut-latte-aisu-mokasmo-aux-sels-de-nicotine.jpg?v=111
Numbers 4 100 ml,https://www.lepetitvapoteur.com/fr/etasty/13516-e-liquide-4-numbers-100ml.html,https://www.lepetitvapoteur.com/43423-large/e-liquide-4-numbers-100ml.jpg?v=111
Santa Muerte Ladybug Juice 100 ml,https://www.lepetitvapoteur.com/fr/ladybug-juice-/13615-e-liquide-santa-muerte-ladybug-juice-100-ml.html,https://www.lepetitvapoteur.com/43821-large/e-liquide-santa-muerte-ladybug-juice-100-ml.jpg?v=111
Numbers 7 100 ml,https://www.lepetitvapoteur.com/fr/etasty/13666-e-liquide-7-numbers-100-ml.html,https://www.lepetitvapoteur.com/44445-large/e-liquide-7-numbers-100-ml.jpg?v=111
Jack Swoke 50 ml,https://www.lepetitvapoteur.com/fr/swoke/13669-e-liquide-jack-swoke-50-ml.html,https://www.lepetitvapoteur.com/43737-large/e-liquide-jack-swoke-50-ml.jpg?v=111
Lady Daisy TJuice 100 ml,https://www.lepetitvapoteur.com/fr/t-juice/13689-e-liquide-lady-daisy-tjuice-100-ml.html,https://www.lepetitvapoteur.com/44042-large/e-liquide-lady-daisy-tjuice-100-ml.jpg?v=111
Lady Daisy Tjuice 50 ml,https://www.lepetitvapoteur.com/fr/t-juice/13683-e-liquide-lady-daisy-tjuice-50-ml.html,https://www.lepetitvapoteur.com/44036-large/e-liquide-lady-daisy-tjuice-50-ml.jpg?v=111
Black Ice Tea Pêche Freeze Tea 50 ml,https://www.lepetitvapoteur.com/fr/made-in-vape/13709-e-liquide-black-ice-tea-peche-freeze-tea-50-ml.html,https://www.lepetitvapoteur.com/43927-large/e-liquide-black-ice-tea-peche-freeze-tea-50-ml.jpg?v=111
Purple Grape Wink 50 ml,https://www.lepetitvapoteur.com/fr/made-in-vape/13713-e-liquide-purple-grape-wink-50-ml.html,https://www.lepetitvapoteur.com/43923-large/e-liquide-purple-grape-wink-50-ml.jpg?v=111
Power Potion Distillerie Elixirs...,https://www.lepetitvapoteur.com/fr/al-kimiya/13737-e-liquide-power-potion-distillerie-elixirs-al-kimiya-50-ml.html,https://www.lepetitvapoteur.com/44245-large/e-liquide-power-potion-distillerie-elixirs-al-kimiya-50-ml.jpg?v=111
Galuchat Essentielle Curieux aux sels de...,https://www.lepetitvapoteur.com/fr/curieux/12919-e-liquide-galuchat-essentielle-curieux-aux-sels-de-nicotine.html,https://www.lepetitvapoteur.com/43644-large/e-liquide-galuchat-essentielle-curieux-aux-sels-de-nicotine.jpg?v=111
Alfaliquid Fort de France,https://www.lepetitvapoteur.com/fr/alfaliquid/13804-e-liquide-alfaliquid-fort-de-france.html,https://www.lepetitvapoteur.com/44090-large/e-liquide-alfaliquid-fort-de-france.jpg?v=111
Sunny Cola Loly Yumy 50 ml,https://www.lepetitvapoteur.com/fr/etasty/13899-e-liquide-sunny-cola-loly-yumy-50-ml.html,https://www.lepetitvapoteur.com/46599-large/e-liquide-sunny-cola-loly-yumy-50-ml.jpg?v=111
Grand Dulce Reserve Dictator 200 ml,https://www.lepetitvapoteur.com/fr/e-liquide-dictator/11264-e-liquide-grand-dulce-reserve-dictator-200-ml.html,https://www.lepetitvapoteur.com/37691-large/e-liquide-grand-dulce-reserve-dictator-200-ml.jpg?v=111
Grand Dulce Signature Dictator 50 ml,https://www.lepetitvapoteur.com/fr/e-liquide-dictator/13911-e-liquide-grand-dulce-signature-dictator-50-ml.html,https://www.lepetitvapoteur.com/44524-large/e-liquide-grand-dulce-signature-dictator-50-ml.jpg?v=111
Limonade Fruits Rouges ENFER Pod 50 ml,https://www.lepetitvapoteur.com/fr/enfer-pod/13929-e-liquide-limonade-fruits-rouges-enfer-pod-50-ml.html,https://www.lepetitvapoteur.com/44591-large/e-liquide-limonade-fruits-rouges-enfer-pod-50-ml.jpg?v=111
Kraken Time Dilligaf 50 ml,https://www.lepetitvapoteur.com/fr/dilligaf/13967-e-liquide-kraken-time-dilligaf-50-ml.html,https://www.lepetitvapoteur.com/44822-large/e-liquide-kraken-time-dilligaf-50-ml.jpg?v=111
Jack's Mind Dilligaf 50 ml,https://www.lepetitvapoteur.com/fr/dilligaf/13968-e-liquide-jack-s-mind-dilligaf-50-ml.html,https://www.lepetitvapoteur.com/44820-large/e-liquide-jack-s-mind-dilligaf-50-ml.jpg?v=111
Brotherhood Dilligaf 50 ml,https://www.lepetitvapoteur.com/fr/dilligaf/13969-e-liquide-brotherhood-dilligaf-50-ml.html,https://www.lepetitvapoteur.com/44819-large/e-liquide-brotherhood-dilligaf-50-ml.jpg?v=111
Beginning Dilligaf 50 ml,https://www.lepetitvapoteur.com/fr/dilligaf/13970-e-liquide-beginning-dilligaf-50-ml.html,https://www.lepetitvapoteur.com/44818-large/e-liquide-beginning-dilligaf-50-ml.jpg?v=111
Heisenberg Cola Ice Vampire Vape 100 ml,https://www.lepetitvapoteur.com/fr/e-liquide-vampire-vape/13999-e-liquide-heisenberg-cola-ice-vampire-vape-100-ml.html,https://www.lepetitvapoteur.com/45149-large/e-liquide-heisenberg-cola-ice-vampire-vape-100-ml.jpg?v=111
Serpentis Aérovape Curieux 50 ml,https://www.lepetitvapoteur.com/fr/curieux/14076-e-liquide-serpentis-aerovape-curieux-50-ml.html,https://www.lepetitvapoteur.com/44956-large/e-liquide-serpentis-aerovape-curieux-50-ml.jpg?v=111
Thé Pêche,https://www.lepetitvapoteur.com/fr/le-petit-vapoteur/14122-e-liquide-the-peche-lpv.html,https://www.lepetitvapoteur.com/46677-large/e-liquide-the-peche-lpv.jpg?v=111
Thé Pêche 50 ml,https://www.lepetitvapoteur.com/fr/le-petit-vapoteur/14123-e-liquide-the-peche-50-ml.html,https://www.lepetitvapoteur.com/45498-large/e-liquide-the-peche-50-ml.jpg?v=111
Le Trou Normand 50 ml,https://www.lepetitvapoteur.com/fr/le-petit-vapoteur/12945-e-liquide-le-trou-normand-50-ml-lpv.html,https://www.lepetitvapoteur.com/45496-large/e-liquide-le-trou-normand-50-ml-lpv.jpg?v=111
Pastis 50 ml,https://www.lepetitvapoteur.com/fr/le-petit-vapoteur/13583-e-liquide-pastis-50-ml-lpv.html,https://www.lepetitvapoteur.com/45847-large/e-liquide-pastis-50-ml-lpv.jpg?v=111
Le Trou Normand,https://www.lepetitvapoteur.com/fr/le-petit-vapoteur/12946-le-trou-normand.html,https://www.lepetitvapoteur.com/46674-large/le-trou-normand.jpg?v=111
Pastis,https://www.lepetitvapoteur.com/fr/le-petit-vapoteur/13580-e-liquide-pastis-lpv.html,https://www.lepetitvapoteur.com/46675-large/e-liquide-pastis-lpv.jpg?v=111
Heisenberg Cola Ice Vampire Vape,https://www.lepetitvapoteur.com/fr/e-liquide-vampire-vape/14222-e-liquide-heisenberg-cola-ice-vampire-vape.html,https://www.lepetitvapoteur.com/45183-large/e-liquide-heisenberg-cola-ice-vampire-vape.jpg?v=111
Thé Citron Singularités By Al-Kimiya 50 ml,https://www.lepetitvapoteur.com/fr/al-kimiya/14233-e-liquide-the-citron-singularites-by-al-kimiya-50-ml.html,https://www.lepetitvapoteur.com/45448-large/e-liquide-the-citron-singularites-by-al-kimiya-50-ml.jpg?v=111
Liquid Luck Felix Edition Al-Kimiya 50 ml,https://www.lepetitvapoteur.com/fr/al-kimiya/14332-e-liquide-liquid-luck-felix-edition-al-kimiya-50-ml.html,https://www.lepetitvapoteur.com/45711-large/e-liquide-liquid-luck-felix-edition-al-kimiya-50-ml.jpg?v=111
Liquid Luck Felicis Edition Al-Kimiya 50 ml,https://www.lepetitvapoteur.com/fr/al-kimiya/14333-e-liquide-liquid-luck-felicis-edition-al-kimiya-50-ml.html,https://www.lepetitvapoteur.com/45712-large/e-liquide-liquid-luck-felicis-edition-al-kimiya-50-ml.jpg?v=111
Pythagore Protect 50 ml,https://www.lepetitvapoteur.com/fr/protect/14353-e-liquide-pythagore-protect-50-ml.html,https://www.lepetitvapoteur.com/48248-large/e-liquide-pythagore-protect-50-ml.jpg?v=111
Wepp's Agrum Eliquid France 50 ml,https://www.lepetitvapoteur.com/fr/eliquid-france/14399-e-liquide-wepp-s-agrum-eliquid-france-50-ml.html,https://www.lepetitvapoteur.com/45590-large/e-liquide-wepp-s-agrum-eliquid-france-50-ml.jpg?v=111
Purple Power Juice 50 ml,https://www.lepetitvapoteur.com/fr/power-juice/14402-e-liquide-purple-power-juice-50-ml.html,https://www.lepetitvapoteur.com/45583-large/e-liquide-purple-power-juice-50-ml.jpg?v=111
Exotik Power Juice 50 ml,https://www.lepetitvapoteur.com/fr/power-juice/14404-e-liquide-exotik-power-juice-50-ml.html,https://www.lepetitvapoteur.com/45585-large/e-liquide-exotik-power-juice-50-ml.jpg?v=111
Original Power Juice 50 ml,https://www.lepetitvapoteur.com/fr/power-juice/14407-e-liquide-original-power-juice-50-ml.html,https://www.lepetitvapoteur.com/45593-large/e-liquide-original-power-juice-50-ml.jpg?v=111
Purple Fresh Power Juice 50 ml,https://www.lepetitvapoteur.com/fr/power-juice/14403-e-liquide-purple-fresh-power-juice-50-ml.html,https://www.lepetitvapoteur.com/45584-large/e-liquide-purple-fresh-power-juice-50-ml.jpg?v=111
Exotik Fresh Power Juice 50 ml,https://www.lepetitvapoteur.com/fr/power-juice/14405-e-liquide-exotik-fresh-power-juice-50-ml.html,https://www.lepetitvapoteur.com/45586-large/e-liquide-exotik-fresh-power-juice-50-ml.jpg?v=111
Original Fresh Power Juice 50 ml,https://www.lepetitvapoteur.com/fr/power-juice/14406-e-liquide-original-fresh-power-juice-50-ml.html,https://www.lepetitvapoteur.com/45592-large/e-liquide-original-fresh-power-juice-50-ml.jpg?v=111
Freed Fighter Fuel 50 ml,https://www.lepetitvapoteur.com/fr/fighter-fuel/14486-e-liquide-freed-fighter-fuel-50-ml.html,https://www.lepetitvapoteur.com/45793-large/e-liquide-freed-fighter-fuel-50-ml.jpg?v=111
La Princesse Vapotrotter 50 ml,https://www.lepetitvapoteur.com/fr/vapotrotter/14531-e-liquide-la-princesse-vapotrotter-50-ml.html,https://www.lepetitvapoteur.com/45974-large/e-liquide-la-princesse-vapotrotter-50-ml.jpg?v=111
La Marquise Vapotrotter 50 ml,https://www.lepetitvapoteur.com/fr/vapotrotter/14532-e-liquide-la-marquise-vapotrotter-50-ml.html,https://www.lepetitvapoteur.com/45975-large/e-liquide-la-marquise-vapotrotter-50-ml.jpg?v=111
La Roue de la Fortune Vapotrotter 50 ml,https://www.lepetitvapoteur.com/fr/vapotrotter/14533-e-liquide-la-roue-de-la-fortune-vapotrotter-50-ml.html,https://www.lepetitvapoteur.com/45976-large/e-liquide-la-roue-de-la-fortune-vapotrotter-50-ml.jpg?v=111
Tonic Twist Vappy Hour 50 ml,https://www.lepetitvapoteur.com/fr/vappy-hour/14583-e-liquide-tonic-twist-vappy-hour-50-ml.html,https://www.lepetitvapoteur.com/45892-large/e-liquide-tonic-twist-vappy-hour-50-ml.jpg?v=111
Sensual Sunset Vappy Hour 50 ml,https://www.lepetitvapoteur.com/fr/vappy-hour/14584-sensual-sunset-vappy-hour-50-ml.html,https://www.lepetitvapoteur.com/45893-large/sensual-sunset-vappy-hour-50-ml.jpg?v=111
Red Voltage Vappy Hour 50 ml,https://www.lepetitvapoteur.com/fr/vappy-hour/14585-e-liquide-red-voltage-vappy-hour-50-ml.html,https://www.lepetitvapoteur.com/45894-large/e-liquide-red-voltage-vappy-hour-50-ml.jpg?v=111
Moscow Bliss Vappy Hour 50 ml,https://www.lepetitvapoteur.com/fr/vappy-hour/14586-e-liquide-moscow-bliss-vappy-hour-50-ml.html,https://www.lepetitvapoteur.com/45895-large/e-liquide-moscow-bliss-vappy-hour-50-ml.jpg?v=111
Cuban Mambo Vappy Hour 50 ml,https://www.lepetitvapoteur.com/fr/vappy-hour/14587-e-liquide-cuban-mambo-vappy-hour-50-ml.html,https://www.lepetitvapoteur.com/45896-large/e-liquide-cuban-mambo-vappy-hour-50-ml.jpg?v=111
Bitter Sparkles Vappy Hour 50 ml,https://www.lepetitvapoteur.com/fr/vappy-hour/14588-e-liquide-bitter-sparkles-vappy-hour-50-ml.html,https://www.lepetitvapoteur.com/45897-large/e-liquide-bitter-sparkles-vappy-hour-50-ml.jpg?v=111
Felina Thunder Vape 100 ml,https://www.lepetitvapoteur.com/fr/thunder-vape/14633-e-liquide-felina-thunder-vape-100-ml.html,https://www.lepetitvapoteur.com/46092-large/e-liquide-felina-thunder-vape-100-ml.jpg?v=111
Cartouches Don Cristo Coffee,https://www.lepetitvapoteur.com/fr/cartouches/14624-cartouches-don-cristo-coffee.html,https://www.lepetitvapoteur.com/46006-large/cartouches-don-cristo-coffee.jpg?v=111
Concrete Jungle Big Papa 50 ml,https://www.lepetitvapoteur.com/fr/big-papa/14713-e-liquide-concrete-jungle-big-papa-50-ml.html,https://www.lepetitvapoteur.com/46238-large/e-liquide-concrete-jungle-big-papa-50-ml.jpg?v=111
Don Cristo Coffee aux sels de nicotine,https://www.lepetitvapoteur.com/fr/pgvg-labs/14748-e-liquide-don-cristo-coffee-aux-sels-de-nicotine.html,https://www.lepetitvapoteur.com/46295-large/e-liquide-don-cristo-coffee-aux-sels-de-nicotine.jpg?v=111
Power Passion Brasserie Edition Al-Kimiya...,https://www.lepetitvapoteur.com/fr/al-kimiya/14819-e-liquide-power-passion-brasserie-edition-al-kimiya-50-ml.html,https://www.lepetitvapoteur.com/46796-large/e-liquide-power-passion-brasserie-edition-al-kimiya-50-ml.jpg?v=111
La Chose 20/80 Le French Liquide 50 ml,https://www.lepetitvapoteur.com/fr/le-french-liquide/4130-e-liquide-la-chose-le-french-liquide-50-ml.html,https://www.lepetitvapoteur.com/17507-large/e-liquide-la-chose-le-french-liquide-50-ml.jpg?v=111
The Butterfly Secret Garden 50 ml,https://www.lepetitvapoteur.com/fr/secret-garden/14863-e-liquide-the-butterfly-secret-garden-50-ml.html,https://www.lepetitvapoteur.com/46808-large/e-liquide-the-butterfly-secret-garden-50-ml.jpg?v=111
Bower Game Over 50 ml,https://www.lepetitvapoteur.com/fr/etasty/15061-e-liquide-bower-game-over-50-ml.html,https://www.lepetitvapoteur.com/47267-large/e-liquide-bower-game-over-50-ml.jpg?v=111
Oario Game Over 50 ml,https://www.lepetitvapoteur.com/fr/etasty/15063-e-liquide-oario-game-over-50-ml.html,https://www.lepetitvapoteur.com/47269-large/e-liquide-oario-game-over-50-ml.jpg?v=111
Limonade Citron Vert Myrtilles Sauvages...,https://www.lepetitvapoteur.com/fr/grand-format/15149-e-liquide-limonade-citron-vert-myrtilles-sauvages-frais-biggy-bear-200-ml.html,https://www.lepetitvapoteur.com/47837-large/e-liquide-limonade-citron-vert-myrtilles-sauvages-frais-biggy-bear-200-ml.jpg?v=111
Pythagore Protect aux sels de nicotine,https://www.lepetitvapoteur.com/fr/protect/15160-e-liquide-pythagore-protect-aux-sels-de-nicotine.html,https://www.lepetitvapoteur.com/47615-large/e-liquide-pythagore-protect-aux-sels-de-nicotine.jpg?v=111
Crypt Legend Dilligaf 50 ml,https://www.lepetitvapoteur.com/fr/dilligaf/15170-e-liquide-crypt-legend-dilligaf-50-ml.html,https://www.lepetitvapoteur.com/47823-large/e-liquide-crypt-legend-dilligaf-50-ml.jpg?v=111
Arathorn Arômes et Secrets 100 ml,https://www.lepetitvapoteur.com/fr/aromes-et-secrets/15182-e-liquide-arathorn-aromes-et-secrets-100-ml.html,https://www.lepetitvapoteur.com/48030-large/e-liquide-arathorn-aromes-et-secrets-100-ml.jpg?v=111
Esteli Arômes et Secrets 100 ml,https://www.lepetitvapoteur.com/fr/aromes-et-secrets/15184-e-liquide-esteli-aromes-et-secrets-100-ml.html,https://www.lepetitvapoteur.com/48032-large/e-liquide-esteli-aromes-et-secrets-100-ml.jpg?v=111
Feez Shootiz 170 ml,https://www.lepetitvapoteur.com/fr/etasty/15292-e-liquide-feez-shootiz-170-ml.html,https://www.lepetitvapoteur.com/48290-large/e-liquide-feez-shootiz-170-ml.jpg?v=111
Café crème de Vienne Pulp Around The...,https://www.lepetitvapoteur.com/fr/pulp-around-the-world/15310-e-liquide-cafe-creme-de-vienne-pulp-around-the-world-50-ml.html,https://www.lepetitvapoteur.com/48329-large/e-liquide-cafe-creme-de-vienne-pulp-around-the-world-50-ml.jpg?v=111
Lassi à la rose de Jaipur Pulp Around The...,https://www.lepetitvapoteur.com/fr/pulp-around-the-world/15309-e-liquide-lassi-a-la-rose-de-jaipur-around-the-world-50-ml.html,https://www.lepetitvapoteur.com/48328-large/e-liquide-lassi-a-la-rose-de-jaipur-around-the-world-50-ml.jpg?v=111
Iris La Perchée Gang Organisé 50 ml,https://www.lepetitvapoteur.com/fr/etasty/15414-e-liquide-iris-la-perchee-gang-organise-50-ml.html,https://www.lepetitvapoteur.com/48745-large/e-liquide-iris-la-perchee-gang-organise-50-ml.jpg?v=111
Vince La Malice Gang Organisé 50 ml,https://www.lepetitvapoteur.com/fr/etasty/15416-e-liquide-vince-la-malice-gang-organise-50-ml.html,https://www.lepetitvapoteur.com/48746-large/e-liquide-vince-la-malice-gang-organise-50-ml.jpg?v=111
Café Biscuit Protect 50 ml,https://www.lepetitvapoteur.com/fr/protect/15425-e-liquide-cafe-biscuit-protect-50-ml.html,https://www.lepetitvapoteur.com/48620-large/e-liquide-cafe-biscuit-protect-50-ml.jpg?v=111
