nom_produit,url_produit,img_produit
,https://www.lepetitvapoteur.com/fr/le-petit-vapoteur/2304-ry4-le-petit-vapoteur.html,https://www.lepetitvapoteur.com/46611-large/ry4-le-petit-vapoteur.jpg?v=111
,https://www.lepetitvapoteur.com/fr/le-petit-vapoteur/3572-le-petit-blond-le-petit-vapoteur.html,https://www.lepetitvapoteur.com/46621-large/le-petit-blond-le-petit-vapoteur.jpg?v=111
Alfaliquid FR-M,https://www.lepetitvapoteur.com/fr/alfaliquid/222-alfaliquid-fr-m.html,https://www.lepetitvapoteur.com/44117-large/alfaliquid-fr-m.jpg?v=111
Classic Blend,https://www.lepetitvapoteur.com/fr/le-petit-vapoteur/2302-classic-blend-le-petit-vapoteur.html,https://www.lepetitvapoteur.com/46609-large/classic-blend-le-petit-vapoteur.jpg?v=111
Pack Classic LPV,https://www.lepetitvapoteur.com/fr/le-petit-vapoteur/5939-pack-classic-le-petit-vapoteur.html,https://www.lepetitvapoteur.com/46698-large/pack-classic-le-petit-vapoteur.jpg?v=111
Le Petit Sec,https://www.lepetitvapoteur.com/fr/le-petit-vapoteur/5711-e-liquide-le-petit-sec-le-petit-vapoteur.html,https://www.lepetitvapoteur.com/46691-large/e-liquide-le-petit-sec-le-petit-vapoteur.jpg?v=111
,https://www.lepetitvapoteur.com/fr/le-petit-vapoteur/2301-classic-le-petit-vapoteur.html,https://www.lepetitvapoteur.com/46608-large/classic-le-petit-vapoteur.jpg?v=111
,https://www.lepetitvapoteur.com/fr/le-petit-vapoteur/2308-classic-menthe.html,https://www.lepetitvapoteur.com/46615-large/classic-menthe.jpg?v=111
Pack Classic LPV,https://www.lepetitvapoteur.com/fr/le-petit-vapoteur/5939-pack-classic-le-petit-vapoteur.html,https://www.lepetitvapoteur.com/46698-large/pack-classic-le-petit-vapoteur.jpg?v=111
Le Petit Trio LPV,https://www.lepetitvapoteur.com/fr/le-petit-vapoteur/8533-le-petit-trio-lpv.html,https://www.lepetitvapoteur.com/46700-large/le-petit-trio-lpv.jpg?v=111
RY4,https://www.lepetitvapoteur.com/fr/le-petit-vapoteur/2304-ry4-le-petit-vapoteur.html,https://www.lepetitvapoteur.com/46611-large/ry4-le-petit-vapoteur.jpg?v=111
Le Petit Sec,https://www.lepetitvapoteur.com/fr/le-petit-vapoteur/5711-e-liquide-le-petit-sec-le-petit-vapoteur.html,https://www.lepetitvapoteur.com/46691-large/e-liquide-le-petit-sec-le-petit-vapoteur.jpg?v=111
Le Petit Cubain,https://www.lepetitvapoteur.com/fr/le-petit-vapoteur/5667-e-liquide-le-petit-cubain-le-petit-vapoteur.html,https://www.lepetitvapoteur.com/46704-large/e-liquide-le-petit-cubain-le-petit-vapoteur.jpg?v=111
Classic Blend,https://www.lepetitvapoteur.com/fr/le-petit-vapoteur/2302-classic-blend-le-petit-vapoteur.html,https://www.lepetitvapoteur.com/46609-large/classic-blend-le-petit-vapoteur.jpg?v=111
Le Petit Blond,https://www.lepetitvapoteur.com/fr/le-petit-vapoteur/3572-le-petit-blond-le-petit-vapoteur.html,https://www.lepetitvapoteur.com/46621-large/le-petit-blond-le-petit-vapoteur.jpg?v=111
Classic USA,https://www.lepetitvapoteur.com/fr/le-petit-vapoteur/2303-classic-usa-.html,https://www.lepetitvapoteur.com/46610-large/classic-usa-.jpg?v=111
Le Petit Brun,https://www.lepetitvapoteur.com/fr/le-petit-vapoteur/5666-e-liquide-le-petit-brun-cigarillos-le-petit-vapoteur.html,https://www.lepetitvapoteur.com/46631-large/e-liquide-le-petit-brun-cigarillos-le-petit-vapoteur.jpg?v=111
Classic Light,https://www.lepetitvapoteur.com/fr/le-petit-vapoteur/5668-e-liquide-classic-le-petit-vapoteur.html,https://www.lepetitvapoteur.com/46632-large/e-liquide-classic-le-petit-vapoteur.jpg?v=111
Classic Menthe,https://www.lepetitvapoteur.com/fr/le-petit-vapoteur/2308-classic-menthe.html,https://www.lepetitvapoteur.com/46615-large/classic-menthe.jpg?v=111
Classic Léger aux sels de nicotine,https://www.lepetitvapoteur.com/fr/le-petit-vapoteur/6157-e-liquide-classic-leger-le-petit-vapoteur.html,https://www.lepetitvapoteur.com/46634-large/e-liquide-classic-leger-le-petit-vapoteur.jpg?v=111
Classic Intense aux sels de nicotine,https://www.lepetitvapoteur.com/fr/le-petit-vapoteur/6158-e-liquide-classic-intense-le-petit-vapoteur.html,https://www.lepetitvapoteur.com/46635-large/e-liquide-classic-intense-le-petit-vapoteur.jpg?v=111
Classic 50 ml,https://www.lepetitvapoteur.com/fr/le-petit-vapoteur/8024-e-liquide-classic-50-ml.html,https://www.lepetitvapoteur.com/28504-large/e-liquide-classic-50-ml.jpg?v=111
RY4 50 ml,https://www.lepetitvapoteur.com/fr/le-petit-vapoteur/8039-e-liquide-ry4-50-ml.html,https://www.lepetitvapoteur.com/28512-large/e-liquide-ry4-50-ml.jpg?v=111
Classic Blend 50 ml,https://www.lepetitvapoteur.com/fr/le-petit-vapoteur/8025-e-liquide-classic-blend-50-ml.html,https://www.lepetitvapoteur.com/28505-large/e-liquide-classic-blend-50-ml.jpg?v=111
Classic USA 50 ml,https://www.lepetitvapoteur.com/fr/le-petit-vapoteur/8027-e-liquide-classic-usa-50-ml.html,https://www.lepetitvapoteur.com/28507-large/e-liquide-classic-usa-50-ml.jpg?v=111
Classic Light 50 ml,https://www.lepetitvapoteur.com/fr/le-petit-vapoteur/9588-e-liquide-classic-light-50-ml.html,https://www.lepetitvapoteur.com/32862-large/e-liquide-classic-light-50-ml.jpg?v=111
Le Petit Sec 50 ml,https://www.lepetitvapoteur.com/fr/le-petit-vapoteur/9589-e-liquide-le-petit-sec-50-ml.html,https://www.lepetitvapoteur.com/32866-large/e-liquide-le-petit-sec-50-ml.jpg?v=111
Le Petit Brun 50 ml,https://www.lepetitvapoteur.com/fr/le-petit-vapoteur/9581-e-liquide-le-petit-brun-50-ml.html,https://www.lepetitvapoteur.com/32865-large/e-liquide-le-petit-brun-50-ml.jpg?v=111
Le Petit Cubain 50 ml,https://www.lepetitvapoteur.com/fr/le-petit-vapoteur/9591-e-liquide-le-petit-cubain-50-ml.html,https://www.lepetitvapoteur.com/32874-large/e-liquide-le-petit-cubain-50-ml.jpg?v=111
Classic Vanillé 50 ml,https://www.lepetitvapoteur.com/fr/le-petit-vapoteur/9370-e-liquide-classic-vanille-50-ml.html,https://www.lepetitvapoteur.com/32917-large/e-liquide-classic-vanille-50-ml.jpg?v=111
Classic Menthe 50 ml,https://www.lepetitvapoteur.com/fr/le-petit-vapoteur/8026-e-liquide-classic-menthe-50-ml.html,https://www.lepetitvapoteur.com/28506-large/e-liquide-classic-menthe-50-ml.jpg?v=111
RY4 200 ml,https://www.lepetitvapoteur.com/fr/le-petit-vapoteur/9466-e-liquide-ry4-200-ml.html,https://www.lepetitvapoteur.com/32927-large/e-liquide-ry4-200-ml.jpg?v=111
Classic Blend 200 ml,https://www.lepetitvapoteur.com/fr/le-petit-vapoteur/5188-e-liquide-classic-blend-200-ml.html,https://www.lepetitvapoteur.com/21127-large/e-liquide-classic-blend-200-ml.jpg?v=111
Dark Vaper Original 50 ml,https://www.lepetitvapoteur.com/fr/dark-vaper/9043-e-liquide-dark-vaper-50-ml.html,https://www.lepetitvapoteur.com/36767-large/e-liquide-dark-vaper-50-ml.jpg?v=111
Classique Hudson Vincent,https://www.lepetitvapoteur.com/fr/vincent-dans-les-vapes/3659-e-liquide-classique-hudson-vdlv.html,https://www.lepetitvapoteur.com/47796-large/e-liquide-classique-hudson-vdlv.jpg?v=111
Classique Hampton Vincent,https://www.lepetitvapoteur.com/fr/vincent-dans-les-vapes/508-e-liquide-classic-hampton-vdlv.html,https://www.lepetitvapoteur.com/47764-large/e-liquide-classic-hampton-vdlv.jpg?v=111
Tribeca Halo,https://www.lepetitvapoteur.com/fr/halo/21-e-liquide-tribeca-halo.html,https://www.lepetitvapoteur.com/14259-large/e-liquide-tribeca-halo.jpg?v=111
Prime 15 Halo,https://www.lepetitvapoteur.com/fr/halo/24-e-liquide-prime-15-halo.html,https://www.lepetitvapoteur.com/14262-large/e-liquide-prime-15-halo.jpg?v=111
Torque 56 Halo,https://www.lepetitvapoteur.com/fr/halo/18-e-liquide-torque-56-halo.html,https://www.lepetitvapoteur.com/14261-large/e-liquide-torque-56-halo.jpg?v=111
Freedom Juice Halo,https://www.lepetitvapoteur.com/fr/halo/17-e-liquide-freedom-juice-halo.html,https://www.lepetitvapoteur.com/14268-large/e-liquide-freedom-juice-halo.jpg?v=111
Turkish Classic Halo,https://www.lepetitvapoteur.com/fr/halo/157-e-liquide-turkish-classic-halo.html,https://www.lepetitvapoteur.com/14271-large/e-liquide-turkish-classic-halo.jpg?v=111
Pirate's Creed Halo,https://www.lepetitvapoteur.com/fr/halo/23-e-liquide-pirate-s-creed-halo.html,https://www.lepetitvapoteur.com/14272-large/e-liquide-pirate-s-creed-halo.jpg?v=111
Alfaliquid Royal,https://www.lepetitvapoteur.com/fr/alfaliquid/117-alfaliquid-tabac-royal.html,https://www.lepetitvapoteur.com/44139-large/alfaliquid-tabac-royal.jpg?v=111
Alfaliquid FR4,https://www.lepetitvapoteur.com/fr/alfaliquid/116-alfaliquid-tabac-fr4.html,https://www.lepetitvapoteur.com/44108-large/alfaliquid-tabac-fr4.jpg?v=111
Alfaliquid USA-MIX,https://www.lepetitvapoteur.com/fr/alfaliquid/254-alfaliquid-usa-mix.html,https://www.lepetitvapoteur.com/44144-large/alfaliquid-usa-mix.jpg?v=111
Alfaliquid FR-M,https://www.lepetitvapoteur.com/fr/alfaliquid/222-alfaliquid-fr-m.html,https://www.lepetitvapoteur.com/44117-large/alfaliquid-fr-m.jpg?v=111
Alfaliquid FR-K,https://www.lepetitvapoteur.com/fr/alfaliquid/151-alfaliquid-fr-k.html,https://www.lepetitvapoteur.com/44115-large/alfaliquid-fr-k.jpg?v=111
Pipeline Blend Pipeline Liquids,https://www.lepetitvapoteur.com/fr/pipeline-liquids/354-fuel-pipeline-blend.html,https://www.lepetitvapoteur.com/47604-large/fuel-pipeline-blend.jpg?v=111
Alfaliquid Gold,https://www.lepetitvapoteur.com/fr/alfaliquid/115-alfaliquid-tabac-gold.html,https://www.lepetitvapoteur.com/44130-large/alfaliquid-tabac-gold.jpg?v=111
555 Green Vapes,https://www.lepetitvapoteur.com/fr/green-vapes/494-e-liquide-555-green-vapes.html,https://www.lepetitvapoteur.com/47543-large/e-liquide-555-green-vapes.jpg?v=111
Philadelphia Green Vapes,https://www.lepetitvapoteur.com/fr/green-vapes/500-e-liquide-philadelphia-green-vapes.html,https://www.lepetitvapoteur.com/47547-large/e-liquide-philadelphia-green-vapes.jpg?v=111
D'lice Classic Corse,https://www.lepetitvapoteur.com/fr/dlice/217-d-lice-tabac-corse.html,https://www.lepetitvapoteur.com/35447-large/d-lice-tabac-corse.jpg?v=111
D'lice FR Original,https://www.lepetitvapoteur.com/fr/dlice/530-d-lice-fr-original.html,https://www.lepetitvapoteur.com/35454-large/d-lice-fr-original.jpg?v=111
D'lice USA CLASSIC,https://www.lepetitvapoteur.com/fr/dlice/527-d-lice-usa-classic.html,https://www.lepetitvapoteur.com/35451-large/d-lice-usa-classic.jpg?v=111
D'lice LE GAILLARD,https://www.lepetitvapoteur.com/fr/dlice/528-d-lice-le-gaillard.html,https://www.lepetitvapoteur.com/35452-large/d-lice-le-gaillard.jpg?v=111
D'lice USA Menthe,https://www.lepetitvapoteur.com/fr/dlice/525-d-lice-usa-menthe.html,https://www.lepetitvapoteur.com/35448-large/d-lice-usa-menthe.jpg?v=111
D'lice VIRGINIE,https://www.lepetitvapoteur.com/fr/dlice/540-d-lice-virginie.html,https://www.lepetitvapoteur.com/35463-large/d-lice-virginie.jpg?v=111
Into the Wild Vaponaute,https://www.lepetitvapoteur.com/fr/vaponaute/552-e-liquide-into-the-wild-vaponaute.html,https://www.lepetitvapoteur.com/34050-large/e-liquide-into-the-wild-vaponaute.jpg?v=111
D'lice Cuba Classic,https://www.lepetitvapoteur.com/fr/dlice/1042-d-lice-cuba-classic.html,https://www.lepetitvapoteur.com/35471-large/d-lice-cuba-classic.jpg?v=111
D'lice Classic Gringo,https://www.lepetitvapoteur.com/fr/dlice/1043-d-lice-tabac-gringo.html,https://www.lepetitvapoteur.com/35472-large/d-lice-tabac-gringo.jpg?v=111
L'Intense The Fuu,https://www.lepetitvapoteur.com/fr/the-fuu/1161-e-liquide-l-intense.html,https://www.lepetitvapoteur.com/47697-large/e-liquide-l-intense.jpg?v=111
Alfaliquid FR-W,https://www.lepetitvapoteur.com/fr/alfaliquid/615-alfaliquid-tabac-fr-w.html,https://www.lepetitvapoteur.com/44128-large/alfaliquid-tabac-fr-w.jpg?v=111
PULP Blond au miel noir,https://www.lepetitvapoteur.com/fr/pulp/1221-pulp-blond-au-miel-noir.html,https://www.lepetitvapoteur.com/47853-large/pulp-blond-au-miel-noir.jpg?v=111
PULP Tennessee,https://www.lepetitvapoteur.com/fr/pulp/1222-e-liquide-pulp-tennessee.html,https://www.lepetitvapoteur.com/47854-large/e-liquide-pulp-tennessee.jpg?v=111
PULP Alabama,https://www.lepetitvapoteur.com/fr/pulp/1228-e-liquide-pulp-alabama.html,https://www.lepetitvapoteur.com/47859-large/e-liquide-pulp-alabama.jpg?v=111
Classic FR Cirkus,https://www.lepetitvapoteur.com/fr/cirkus/1326-e-liquide-classique-fr-cirkus.html,https://www.lepetitvapoteur.com/47765-large/e-liquide-classique-fr-cirkus.jpg?v=111
Classic US Cirkus,https://www.lepetitvapoteur.com/fr/cirkus/1328-e-liquide-classique-us-cirkus.html,https://www.lepetitvapoteur.com/47766-large/e-liquide-classique-us-cirkus.jpg?v=111
Classic Gold Cirkus,https://www.lepetitvapoteur.com/fr/cirkus/1329-e-liquide-classic-gold-cirkus.html,https://www.lepetitvapoteur.com/47767-large/e-liquide-classic-gold-cirkus.jpg?v=111
Classic RY4 Cirkus,https://www.lepetitvapoteur.com/fr/cirkus/1330-classique-ry4-cirkus.html,https://www.lepetitvapoteur.com/47768-large/classique-ry4-cirkus.jpg?v=111
Classic Menthe Cirkus,https://www.lepetitvapoteur.com/fr/cirkus/1331-e-liquide-classique-menthe-cirkus.html,https://www.lepetitvapoteur.com/47769-large/e-liquide-classique-menthe-cirkus.jpg?v=111
Alfaliquid Malawia,https://www.lepetitvapoteur.com/fr/alfaliquid/1065-alfaliquid-tabac-malawia.html,https://www.lepetitvapoteur.com/44136-large/alfaliquid-tabac-malawia.jpg?v=111
Black Pearl Green Vapes,https://www.lepetitvapoteur.com/fr/green-vapes/1528-e-liquide-black-pearl-green-vapes.html,https://www.lepetitvapoteur.com/47554-large/e-liquide-black-pearl-green-vapes.jpg?v=111
Alfaliquid FR-ONE,https://www.lepetitvapoteur.com/fr/alfaliquid/1688-alfaliquid-fr-one.html,https://www.lepetitvapoteur.com/44123-large/alfaliquid-fr-one.jpg?v=111
Charlemagne 814,https://www.lepetitvapoteur.com/fr/814/1534-charlemagne-814.html,https://www.lepetitvapoteur.com/47775-large/charlemagne-814.jpg?v=111
Suprême,https://www.lepetitvapoteur.com/fr/eliquid-france/2019-supreme.html,https://www.lepetitvapoteur.com/47674-large/supreme.jpg?v=111
Relax,https://www.lepetitvapoteur.com/fr/eliquid-france/2020-e-liquide-relax.html,https://www.lepetitvapoteur.com/47675-large/e-liquide-relax.jpg?v=111
Tribeca High VG Halo,https://www.lepetitvapoteur.com/fr/halo/2134-e-liquide-tribeca-high-vg-halo.html,https://www.lepetitvapoteur.com/14279-large/e-liquide-tribeca-high-vg-halo.jpg?v=111
PULP Mozambique,https://www.lepetitvapoteur.com/fr/pulp/2278-e-liquide-pulp-mozambique.html,https://www.lepetitvapoteur.com/47865-large/e-liquide-pulp-mozambique.jpg?v=111
Fafnir High Creek,https://www.lepetitvapoteur.com/fr/high-creek/2286-e-liquide-fafnir-high-creek.html,https://www.lepetitvapoteur.com/47312-large/e-liquide-fafnir-high-creek.jpg?v=111
Le Classic,https://www.lepetitvapoteur.com/fr/le-petit-vapoteur/2301-classic-le-petit-vapoteur.html,https://www.lepetitvapoteur.com/46608-large/classic-le-petit-vapoteur.jpg?v=111
Le Classique - Mécanique des Fluides,https://www.lepetitvapoteur.com/fr/saveurs-classic/2403-le-classique-mecanique-des-fluides.html,https://www.lepetitvapoteur.com/47586-large/le-classique-mecanique-des-fluides.jpg?v=111
Famous,https://www.lepetitvapoteur.com/fr/eliquid-france/2833-famous.html,https://www.lepetitvapoteur.com/47677-large/famous.jpg?v=111
Le Classique Botanics,https://www.lepetitvapoteur.com/fr/botanics/2836-le-tabac-botanics.html,https://www.lepetitvapoteur.com/47592-large/le-tabac-botanics.jpg?v=111
Sweet Classic Wanted,https://www.lepetitvapoteur.com/fr/classic-wanted/2911-classic-wanted-sweet.html,https://www.lepetitvapoteur.com/47786-large/classic-wanted-sweet.jpg?v=111
Gourmet Classic Wanted,https://www.lepetitvapoteur.com/fr/classic-wanted/2912-classic-wanted-gourmet.html,https://www.lepetitvapoteur.com/47787-large/classic-wanted-gourmet.jpg?v=111
Reserve Classic Wanted,https://www.lepetitvapoteur.com/fr/classic-wanted/2913-classic-wanted-reserve.html,https://www.lepetitvapoteur.com/47788-large/classic-wanted-reserve.jpg?v=111
Lone Cowboy The Fuu,https://www.lepetitvapoteur.com/fr/the-fuu/2935-e-liquide-lone-cowboy-the-fuu.html,https://www.lepetitvapoteur.com/47700-large/e-liquide-lone-cowboy-the-fuu.jpg?v=111
Classic Blend Cirkus,https://www.lepetitvapoteur.com/fr/cirkus/2508-e-liquide-classique-blend-cirkus.html,https://www.lepetitvapoteur.com/47784-large/e-liquide-classique-blend-cirkus.jpg?v=111
Classic Regular Savourea,https://www.lepetitvapoteur.com/fr/e-liquide-savourea/3044-classic-regular-savourea.html,https://www.lepetitvapoteur.com/47968-large/classic-regular-savourea.jpg?v=111
Classic des Iles Savourea,https://www.lepetitvapoteur.com/fr/e-liquide-savourea/3045-classic-des-iles-savourea.html,https://www.lepetitvapoteur.com/47969-large/classic-des-iles-savourea.jpg?v=111
Classic USA Savourea,https://www.lepetitvapoteur.com/fr/e-liquide-savourea/3046-classic-usa-savourea.html,https://www.lepetitvapoteur.com/47970-large/classic-usa-savourea.jpg?v=111
Le Chaman Terrible Cloud,https://www.lepetitvapoteur.com/fr/e-liquide-terrible-cloud/3089-le-chaman-terrible-cloud.html,https://www.lepetitvapoteur.com/47810-large/le-chaman-terrible-cloud.jpg?v=111
Famous 50 ml,https://www.lepetitvapoteur.com/fr/eliquid-france/3222-e-liquide-famous-50ml.html,https://www.lepetitvapoteur.com/40877-large/e-liquide-famous-50ml.jpg?v=111
Suprême 50 ml,https://www.lepetitvapoteur.com/fr/eliquid-france/3223-e-liquide-supreme-50ml.html,https://www.lepetitvapoteur.com/20192-large/e-liquide-supreme-50ml.jpg?v=111
Relax 50 ml,https://www.lepetitvapoteur.com/fr/eliquid-france/3224-e-liquide-relax-50ml.html,https://www.lepetitvapoteur.com/19526-large/e-liquide-relax-50ml.jpg?v=111
Blue Velvet Cloud Vapor,https://www.lepetitvapoteur.com/fr/e-liquide-cloud-vapor/3249-blue-velvet-cloud-vapor.html,https://www.lepetitvapoteur.com/47811-large/blue-velvet-cloud-vapor.jpg?v=111
Red Leaf Cloud Vapor,https://www.lepetitvapoteur.com/fr/e-liquide-cloud-vapor/3256-red-leaf-cloud-vapor.html,https://www.lepetitvapoteur.com/47812-large/red-leaf-cloud-vapor.jpg?v=111
Vegetol Pure Le Pure,https://www.lepetitvapoteur.com/fr/vegetol/1459-vegetol-pure-ex-ilixir.html,https://www.lepetitvapoteur.com/24898-large/vegetol-pure-ex-ilixir.jpg?v=111
Vegetol Cloud Le Cloud,https://www.lepetitvapoteur.com/fr/vegetol/3289-vegetol-cloud.html,https://www.lepetitvapoteur.com/24899-large/vegetol-cloud.jpg?v=111
Phenix Y4 Flavor Hit,https://www.lepetitvapoteur.com/fr/flavor-hit/3637-e-liquide-phenix-y4-flavor-hit.html,https://www.lepetitvapoteur.com/47572-large/e-liquide-phenix-y4-flavor-hit.jpg?v=111
Le Populaire - Les Irréductibles-...,https://www.lepetitvapoteur.com/fr/mecanique-des-fluides/3680-le-populaire-les-irreductibles-mecanique-des-fluides.html,https://www.lepetitvapoteur.com/21724-large/le-populaire-les-irreductibles-mecanique-des-fluides.jpg?v=111
Brave Classic Wanted,https://www.lepetitvapoteur.com/fr/classic-wanted/3683-classic-wanted-brave.html,https://www.lepetitvapoteur.com/47797-large/classic-wanted-brave.jpg?v=111
Rendez-Vous Olala Vape,https://www.lepetitvapoteur.com/fr/e-liquide-olala-vape/3742-rendez-vous-olala-vape.html,https://www.lepetitvapoteur.com/31042-large/rendez-vous-olala-vape.jpg?v=111
VCT Ripe Vapes 50 ml,https://www.lepetitvapoteur.com/fr/e-liquide-ripe-vapes/4115-e-liquide-vct-ripe-vapes-50-ml.html,https://www.lepetitvapoteur.com/19555-large/e-liquide-vct-ripe-vapes-50-ml.jpg?v=111
Classique Minimal,https://www.lepetitvapoteur.com/fr/minimal/4243-e-liquide-classique-minimal.html,https://www.lepetitvapoteur.com/47704-large/e-liquide-classique-minimal.jpg?v=111
Skipper Rope Cut 50 ml,https://www.lepetitvapoteur.com/fr/e-liquide-rope-cut/4456-e-liquide-skipper-rope-cut-50-ml.html,https://www.lepetitvapoteur.com/48486-large/e-liquide-skipper-rope-cut-50-ml.jpg?v=111
Loose Canon Rope Cut 50 ml,https://www.lepetitvapoteur.com/fr/e-liquide-rope-cut/4468-loose-canon-rope-cut-50-ml.html,https://www.lepetitvapoteur.com/48487-large/loose-canon-rope-cut-50-ml.jpg?v=111
Dark Thirty Rope Cut 50 ml,https://www.lepetitvapoteur.com/fr/e-liquide-rope-cut/4469-e-liquide-dark-thirty-rope-cut-50-ml.html,https://www.lepetitvapoteur.com/48488-large/e-liquide-dark-thirty-rope-cut-50-ml.jpg?v=111
Ryan D'50,https://www.lepetitvapoteur.com/fr/e-liquide-dlice-d-50/4503-e-liquide-ryan-d-50.html,https://www.lepetitvapoteur.com/25625-large/e-liquide-ryan-d-50.jpg?v=111
Tribeca Shake n Vape Halo 50 ml,https://www.lepetitvapoteur.com/fr/halo/4583-e-liquide-tribeca-shake-n-vape-halo-50-ml.html,https://www.lepetitvapoteur.com/19124-large/e-liquide-tribeca-shake-n-vape-halo-50-ml.jpg?v=111
Prime 15 Shake n Vape Halo 50 ml,https://www.lepetitvapoteur.com/fr/halo/4585-e-liquide-prime-15-shake-n-vape-halo-50-ml.html,https://www.lepetitvapoteur.com/19126-large/e-liquide-prime-15-shake-n-vape-halo-50-ml.jpg?v=111
Turkish Shake n Vape Halo 50 ml,https://www.lepetitvapoteur.com/fr/halo/4587-e-liquide-turkish-shake-n-vape-halo-50-ml.html,https://www.lepetitvapoteur.com/19128-large/e-liquide-turkish-shake-n-vape-halo-50-ml.jpg?v=111
Vegetol Cloud Blond,https://www.lepetitvapoteur.com/fr/vegetol/4590-e-liquide-vegetol-blond.html,https://www.lepetitvapoteur.com/24901-large/e-liquide-vegetol-blond.jpg?v=111
Le Ouessant Le Vapoteur Breton,https://www.lepetitvapoteur.com/fr/le-vapoteur-breton/4767-e-liquide-le-ouessant-le-vapoteur-breton.html,https://www.lepetitvapoteur.com/47599-large/e-liquide-le-ouessant-le-vapoteur-breton.jpg?v=111
Corsaire Vape Institut 50 ml,https://www.lepetitvapoteur.com/fr/e-liquide-vape-institut/4792-e-liquide-corsaire-vape-institut-50-ml.html,https://www.lepetitvapoteur.com/42607-large/e-liquide-corsaire-vape-institut-50-ml.jpg?v=111
USA Classic Salt E-Vapor,https://www.lepetitvapoteur.com/fr/e-liquide-salt-e-vapor/4802-e-liquide-usa-classic-salt-e-vapor.html,https://www.lepetitvapoteur.com/47921-large/e-liquide-usa-classic-salt-e-vapor.jpg?v=111
USA Strong Salt E-Vapor,https://www.lepetitvapoteur.com/fr/e-liquide-salt-e-vapor/4808-e-liquide-usa-strong-salt-e-vapor.html,https://www.lepetitvapoteur.com/47926-large/e-liquide-usa-strong-salt-e-vapor.jpg?v=111
Don Cristo PGVG Labs 50 ml,https://www.lepetitvapoteur.com/fr/pgvg-labs/4824-e-liquide-don-cristo-pgvg-labs.html,https://www.lepetitvapoteur.com/19748-large/e-liquide-don-cristo-pgvg-labs.jpg?v=111
USA-FR Savourea,https://www.lepetitvapoteur.com/fr/e-liquide-savourea/4827-e-liquide-usa-fr-savourea.html,https://www.lepetitvapoteur.com/47979-large/e-liquide-usa-fr-savourea.jpg?v=111
Puissant Minimal,https://www.lepetitvapoteur.com/fr/minimal/5032-e-liquide-puissant-minimal.html,https://www.lepetitvapoteur.com/47711-large/e-liquide-puissant-minimal.jpg?v=111
Classic RY4 CirKus 50 ml,https://www.lepetitvapoteur.com/fr/cirkus/5122-e-liquide-classic-ry4-50-ml-cirkus.html,https://www.lepetitvapoteur.com/40066-large/e-liquide-classic-ry4-50-ml-cirkus.jpg?v=111
Classic FR CirKus 50 ml,https://www.lepetitvapoteur.com/fr/cirkus/5123-e-liquide-classic-fr-50-ml-cirkus.html,https://www.lepetitvapoteur.com/40067-large/e-liquide-classic-fr-50-ml-cirkus.jpg?v=111
Sweet Classic Wanted 50 ml,https://www.lepetitvapoteur.com/fr/classic-wanted/5129-e-liquide-sweet-classic-wanted-50-ml.html,https://www.lepetitvapoteur.com/40100-large/e-liquide-sweet-classic-wanted-50-ml.jpg?v=111
Gourmet Classic Wanted 50 ml,https://www.lepetitvapoteur.com/fr/classic-wanted/5131-e-liquide-gourmet-classic-wanted-50-ml.html,https://www.lepetitvapoteur.com/40101-large/e-liquide-gourmet-classic-wanted-50-ml.jpg?v=111
Reserve Classic Wanted 50 ml,https://www.lepetitvapoteur.com/fr/classic-wanted/5132-e-liquide-reserve-classic-wanted-50-ml.html,https://www.lepetitvapoteur.com/40102-large/e-liquide-reserve-classic-wanted-50-ml.jpg?v=111
Suprême 100 ml,https://www.lepetitvapoteur.com/fr/eliquid-france/5276-e-liquide-supreme-100-ml.html,https://www.lepetitvapoteur.com/21342-large/e-liquide-supreme-100-ml.jpg?v=111
Relax 100 ml,https://www.lepetitvapoteur.com/fr/eliquid-france/5278-e-liquide-relax-100-ml.html,https://www.lepetitvapoteur.com/21344-large/e-liquide-relax-100-ml.jpg?v=111
Love Blond Ben Northon,https://www.lepetitvapoteur.com/fr/e-liquide-ben-northon/5370-e-liquide-love-blond-ben-northon-10ml.html,https://www.lepetitvapoteur.com/47600-large/e-liquide-love-blond-ben-northon-10ml.jpg?v=111
Gold Digger Ben Northon,https://www.lepetitvapoteur.com/fr/e-liquide-ben-northon/5372-e-liquide-gold-digger-ben-northon-10ml.html,https://www.lepetitvapoteur.com/47601-large/e-liquide-gold-digger-ben-northon-10ml.jpg?v=111
Black Horse Ben Northon,https://www.lepetitvapoteur.com/fr/e-liquide-ben-northon/5373-black-horse-ben-northon-10ml.html,https://www.lepetitvapoteur.com/47602-large/black-horse-ben-northon-10ml.jpg?v=111
Blend Reserve Pipeline Liquids 50 ml,https://www.lepetitvapoteur.com/fr/pipeline-liquids/5455-eliquide-pipeline-blend-reserve-50-ml.html,https://www.lepetitvapoteur.com/38712-large/eliquide-pipeline-blend-reserve-50-ml.jpg?v=111
Indian Spirit Ben Northon,https://www.lepetitvapoteur.com/fr/e-liquide-ben-northon/5471-eliquide-indian-spirit-ben-northon-10ml.html,https://www.lepetitvapoteur.com/47603-large/eliquide-indian-spirit-ben-northon-10ml.jpg?v=111
Virginia Tea Curieux,https://www.lepetitvapoteur.com/fr/curieux/5691-e-liquide-virginia-tea-curieux.html,https://www.lepetitvapoteur.com/23045-large/e-liquide-virginia-tea-curieux.jpg?v=111
Denim Essentielle Curieux 50 ml,https://www.lepetitvapoteur.com/fr/curieux/5697-e-liquide-denim-curieux-40-ml.html,https://www.lepetitvapoteur.com/37005-large/e-liquide-denim-curieux-40-ml.jpg?v=111
Dentelle Essentielle Curieux 50 ml,https://www.lepetitvapoteur.com/fr/curieux/5700-e-liquide-dentelle-essentielle-curieux-50-ml.html,https://www.lepetitvapoteur.com/37444-large/e-liquide-dentelle-essentielle-curieux-50-ml.jpg?v=111
Galuchat Essentielle Curieux 50 ml,https://www.lepetitvapoteur.com/fr/curieux/5701-e-liquide-galuchat-curieux-40-ml.html,https://www.lepetitvapoteur.com/37208-large/e-liquide-galuchat-curieux-40-ml.jpg?v=111
Kilim Essentielle Curieux 50 ml,https://www.lepetitvapoteur.com/fr/curieux/5702-e-liquide-kilim-essentielle-curieux-50-ml.html,https://www.lepetitvapoteur.com/24539-large/e-liquide-kilim-essentielle-curieux-50-ml.jpg?v=111
Tweed Essentielle Curieux 50 ml,https://www.lepetitvapoteur.com/fr/curieux/5703-e-liquide-tweed-curieux-40-ml.html,https://www.lepetitvapoteur.com/44853-large/e-liquide-tweed-curieux-40-ml.jpg?v=111
USA mix Salty avec sels de nicotine,https://www.lepetitvapoteur.com/fr/salty/5777-e-liquide-usa-mix-salty.html,https://www.lepetitvapoteur.com/47989-large/e-liquide-usa-mix-salty.jpg?v=111
Rendez-Vous Olala Vape 50 ml,https://www.lepetitvapoteur.com/fr/e-liquide-olala-vape/5800-e-liquide-rendez-vous-olala-vape-50-ml.html,https://www.lepetitvapoteur.com/31046-large/e-liquide-rendez-vous-olala-vape-50-ml.jpg?v=111
Le Basque Terroir et vapeur,https://www.lepetitvapoteur.com/fr/terroir-et-vapeur/5879-e-liquide-le-basque-terroir-et-vapeur.html,https://www.lepetitvapoteur.com/47605-large/e-liquide-le-basque-terroir-et-vapeur.jpg?v=111
Belle brune Terroir et vapeur,https://www.lepetitvapoteur.com/fr/terroir-et-vapeur/5881-e-liquide-belle-brune-terroir-et-vapeur.html,https://www.lepetitvapoteur.com/47606-large/e-liquide-belle-brune-terroir-et-vapeur.jpg?v=111
Dans le port Terroir et vapeur,https://www.lepetitvapoteur.com/fr/terroir-et-vapeur/5882-e-liquide-dans-le-port-terroir-et-vapeur.html,https://www.lepetitvapoteur.com/47607-large/e-liquide-dans-le-port-terroir-et-vapeur.jpg?v=111
Blond de Garonne Terroir et vapeur,https://www.lepetitvapoteur.com/fr/terroir-et-vapeur/5883-e-liquide-blond-de-garonne-terroir-et-vapeur.html,https://www.lepetitvapoteur.com/47608-large/e-liquide-blond-de-garonne-terroir-et-vapeur.jpg?v=111
Fleur de blond Terroir et vapeur,https://www.lepetitvapoteur.com/fr/terroir-et-vapeur/5885-e-liquide-fleur-de-blond-terroir-et-vapeur.html,https://www.lepetitvapoteur.com/47609-large/e-liquide-fleur-de-blond-terroir-et-vapeur.jpg?v=111
Vert de gascogne Terroir et vapeur,https://www.lepetitvapoteur.com/fr/terroir-et-vapeur/5887-e-liquide-vert-de-gascogne-terroir-et-vapeur.html,https://www.lepetitvapoteur.com/47611-large/e-liquide-vert-de-gascogne-terroir-et-vapeur.jpg?v=111
Tribeca sels de nicotine Halo,https://www.lepetitvapoteur.com/fr/halo/5919-e-liquide-tribeca-sels-de-nicotine-halo.html,https://www.lepetitvapoteur.com/23123-large/e-liquide-tribeca-sels-de-nicotine-halo.jpg?v=111
Pack Suprême Relax 100 ml,https://www.lepetitvapoteur.com/fr/selection/5944-pack-supreme-relax-100-ml.html,https://www.lepetitvapoteur.com/23185-large/pack-supreme-relax-100-ml.jpg?v=111
Pack Classic 50 ml,https://www.lepetitvapoteur.com/fr/selection/5956-pack-classic-50-ml.html,https://www.lepetitvapoteur.com/41349-large/pack-classic-50-ml.jpg?v=111
El Clasico Dictator 50 ml,https://www.lepetitvapoteur.com/fr/e-liquide-dictator/6169-e-liquide-el-classico-dictator-50-ml.html,https://www.lepetitvapoteur.com/23673-large/e-liquide-el-classico-dictator-50-ml.jpg?v=111
Charlemagne 814 50 ml,https://www.lepetitvapoteur.com/fr/814/6173-e-liquide-charlemagne-814-50-ml.html,https://www.lepetitvapoteur.com/41608-large/e-liquide-charlemagne-814-50-ml.jpg?v=111
Suprême Esalt aux sels de nicotine,https://www.lepetitvapoteur.com/fr/eliquid-france/6197-e-liquide-supreme-esalt.html,https://www.lepetitvapoteur.com/47686-large/e-liquide-supreme-esalt.jpg?v=111
Relax Esalt aux sels de nicotine,https://www.lepetitvapoteur.com/fr/eliquid-france/6198-e-liquide-relax-esalt.html,https://www.lepetitvapoteur.com/47687-large/e-liquide-relax-esalt.jpg?v=111
Dentelle Essentielle Curieux,https://www.lepetitvapoteur.com/fr/curieux/6381-e-liquide-dentelle-essentielle-curieux.html,https://www.lepetitvapoteur.com/24523-large/e-liquide-dentelle-essentielle-curieux.jpg?v=111
Blond Classique Sense,https://www.lepetitvapoteur.com/fr/sense/6440-blond-classique-sense.html,https://www.lepetitvapoteur.com/47517-large/blond-classique-sense.jpg?v=111
Blond Doux Sense,https://www.lepetitvapoteur.com/fr/sense/6441-e-liquide-t-blond-doux-sense.html,https://www.lepetitvapoteur.com/47518-large/e-liquide-t-blond-doux-sense.jpg?v=111
Denim Essentielle Curieux,https://www.lepetitvapoteur.com/fr/curieux/6456-e-liquide-denim-essentielle-curieux.html,https://www.lepetitvapoteur.com/24524-large/e-liquide-denim-essentielle-curieux.jpg?v=111
Galuchat Essentielle Curieux,https://www.lepetitvapoteur.com/fr/curieux/6457-e-liquide-galuchat-essentielle-curieux.html,https://www.lepetitvapoteur.com/24526-large/e-liquide-galuchat-essentielle-curieux.jpg?v=111
Tweed Essentielle Curieux,https://www.lepetitvapoteur.com/fr/curieux/6458-e-liquide-tweed-essentielle-curieux.html,https://www.lepetitvapoteur.com/24525-large/e-liquide-tweed-essentielle-curieux.jpg?v=111
Kilim Essentielle Curieux,https://www.lepetitvapoteur.com/fr/curieux/6460-e-liquide-kilim-essentielle-curieux.html,https://www.lepetitvapoteur.com/24527-large/e-liquide-kilim-essentielle-curieux.jpg?v=111
Liégeois Minimal,https://www.lepetitvapoteur.com/fr/minimal/6569-e-liquide-liegeois-minimal.html,https://www.lepetitvapoteur.com/47731-large/e-liquide-liegeois-minimal.jpg?v=111
Classic Vaurien Beurk Research 50 ml,https://www.lepetitvapoteur.com/fr/beurk-research/6654-e-liquide-classic-vaurien-beurk-research-40-ml.html,https://www.lepetitvapoteur.com/44317-large/e-liquide-classic-vaurien-beurk-research-40-ml.jpg?v=111
Decano 50ml,https://www.lepetitvapoteur.com/fr/eliquid-france/6665-e-liquide-decano-eliquid-france-50-ml.html,https://www.lepetitvapoteur.com/24742-large/e-liquide-decano-eliquid-france-50-ml.jpg?v=111
Pack Découverte Sels De Nicotine LPV,https://www.lepetitvapoteur.com/fr/le-petit-vapoteur/6750-pack-decouverte-sels-de-nicotine-le-petit-vapoteur.html,https://www.lepetitvapoteur.com/46699-large/pack-decouverte-sels-de-nicotine-le-petit-vapoteur.jpg?v=111
Vegetol Pure Virginia,https://www.lepetitvapoteur.com/fr/vegetol/6755-e-liquide-vegetol-pure-virginia.html,https://www.lepetitvapoteur.com/25364-large/e-liquide-vegetol-pure-virginia.jpg?v=111
Vegetol Pure Corsé,https://www.lepetitvapoteur.com/fr/vegetol/6758-e-liquide-vegetol-pure-corse.html,https://www.lepetitvapoteur.com/25363-large/e-liquide-vegetol-pure-corse.jpg?v=111
Le Chaman Terrible Cloud 50 ml,https://www.lepetitvapoteur.com/fr/e-liquide-terrible-cloud/6792-e-liquide-la-marmite-de-chaman-terrible-cloud-50-ml.html,https://www.lepetitvapoteur.com/48489-large/e-liquide-la-marmite-de-chaman-terrible-cloud-50-ml.jpg?v=111
Brave Classic Wanted 50 ml,https://www.lepetitvapoteur.com/fr/classic-wanted/7074-e-liquide-wanted-brave-50-ml-cirkus.html,https://www.lepetitvapoteur.com/40099-large/e-liquide-wanted-brave-50-ml-cirkus.jpg?v=111
Vega Thenancara 50 ml,https://www.lepetitvapoteur.com/fr/thenancara/7116-e-liquide-vega-thenancara-50-ml.html,https://www.lepetitvapoteur.com/26012-large/e-liquide-vega-thenancara-50-ml.jpg?v=111
Blend 44 Ekoms 40 ml,https://www.lepetitvapoteur.com/fr/ekoms/7174-liquide-blend-44-ekoms-40-ml.html,https://www.lepetitvapoteur.com/26140-large/liquide-blend-44-ekoms-40-ml.jpg?v=111
Classico Ekoms 40 ml,https://www.lepetitvapoteur.com/fr/ekoms/7175-liquide-classico-ekoms-40-ml.html,https://www.lepetitvapoteur.com/26139-large/liquide-classico-ekoms-40-ml.jpg?v=111
Colère 50 ml,https://www.lepetitvapoteur.com/fr/7-peches-capitaux/7301-liquide-colere-30-ml.html,https://www.lepetitvapoteur.com/26662-large/liquide-colere-30-ml.jpg?v=111
Cuivre Mécanique des Fluides 50 ml,https://www.lepetitvapoteur.com/fr/mecanique-des-fluides/7321-liquide-cuivre-mecanique-des-fluides-50-ml.html,https://www.lepetitvapoteur.com/26671-large/liquide-cuivre-mecanique-des-fluides-50-ml.jpg?v=111
Bruce Swoke 50 ml,https://www.lepetitvapoteur.com/fr/swoke/7410-bruce-swoke-50-ml.html,https://www.lepetitvapoteur.com/26899-large/bruce-swoke-50-ml.jpg?v=111
Cirkus Classic FR aux sels de nicotine,https://www.lepetitvapoteur.com/fr/cirkus/7489-classic-fr-aux-sels-de-nicotine-vdlv.html,https://www.lepetitvapoteur.com/47804-large/classic-fr-aux-sels-de-nicotine-vdlv.jpg?v=111
Cirkus Classic Blend aux sels de nicotine,https://www.lepetitvapoteur.com/fr/cirkus/7490-classic-blend-aux-sels-de-nicotine-vdlv.html,https://www.lepetitvapoteur.com/47805-large/classic-blend-aux-sels-de-nicotine-vdlv.jpg?v=111
Cirkus Classic RY4 aux sels de nicotine,https://www.lepetitvapoteur.com/fr/cirkus/7491-classic-ry4-aux-sels-de-nicotine-vdlv.html,https://www.lepetitvapoteur.com/47806-large/classic-ry4-aux-sels-de-nicotine-vdlv.jpg?v=111
Lady Lindy Aces,https://www.lepetitvapoteur.com/fr/aces/7529-lady-lindy-aces.html,https://www.lepetitvapoteur.com/47593-large/lady-lindy-aces.jpg?v=111
Lone Eagle Aces,https://www.lepetitvapoteur.com/fr/aces/7530-lone-eagle-aces.html,https://www.lepetitvapoteur.com/47594-large/lone-eagle-aces.jpg?v=111
Rush Gold Flavor Hit,https://www.lepetitvapoteur.com/fr/flavor-hit/7577-e-liquide-rush-gold-flavor-hit.html,https://www.lepetitvapoteur.com/47580-large/e-liquide-rush-gold-flavor-hit.jpg?v=111
El Grande Absoluto,https://www.lepetitvapoteur.com/fr/absoluto/7583-el-grande-absoluto.html,https://www.lepetitvapoteur.com/47563-large/el-grande-absoluto.jpg?v=111
El Regular Absoluto,https://www.lepetitvapoteur.com/fr/absoluto/7584-el-regular-absoluto.html,https://www.lepetitvapoteur.com/47564-large/el-regular-absoluto.jpg?v=111
Blond Légende Sense,https://www.lepetitvapoteur.com/fr/sense/7607-blond-legende-sense.html,https://www.lepetitvapoteur.com/47527-large/blond-legende-sense.jpg?v=111
Blend The Fuu,https://www.lepetitvapoteur.com/fr/blend/7704-e-liquide-blend-fuu.html,https://www.lepetitvapoteur.com/47733-large/e-liquide-blend-fuu.jpg?v=111
Rad Dad Big Papa 50 ml,https://www.lepetitvapoteur.com/fr/big-papa/7716-e-liquide-rad-dad-big-papa-50-ml.html,https://www.lepetitvapoteur.com/27727-large/e-liquide-rad-dad-big-papa-50-ml.jpg?v=111
Tennessee Pulp aux Sels de Nicotine,https://www.lepetitvapoteur.com/fr/e-liquide-pulp-nic-salt/7859-e-liquide-tennessee-pulp-aux-sels-de-nicotine.html,https://www.lepetitvapoteur.com/47870-large/e-liquide-tennessee-pulp-aux-sels-de-nicotine.jpg?v=111
Mozambique Pulp aux Sels de Nicotine,https://www.lepetitvapoteur.com/fr/e-liquide-pulp-nic-salt/7862-e-liquide-mozambique-pulp-aux-sels-de-nicotine.html,https://www.lepetitvapoteur.com/47872-large/e-liquide-mozambique-pulp-aux-sels-de-nicotine.jpg?v=111
Pipeline Blend 50 ml,https://www.lepetitvapoteur.com/fr/pipeline-liquids/7873-e-liquide-pipeline-blend-50-ml.html,https://www.lepetitvapoteur.com/38714-large/e-liquide-pipeline-blend-50-ml.jpg?v=111
PULP Boston Menthol,https://www.lepetitvapoteur.com/fr/pulp/8087-e-liquide-pulp-boston-menthol.html,https://www.lepetitvapoteur.com/47873-large/e-liquide-pulp-boston-menthol.jpg?v=111
PULP Blond Torréfié,https://www.lepetitvapoteur.com/fr/pulp/8092-e-liquide-pulp-blond-torrefie.html,https://www.lepetitvapoteur.com/47878-large/e-liquide-pulp-blond-torrefie.jpg?v=111
Blond Origin's,https://www.lepetitvapoteur.com/fr/origin-s/8335-e-liquide-blond-origin-s.html,https://www.lepetitvapoteur.com/29425-large/e-liquide-blond-origin-s.jpg?v=111
Classic Cerise Cirkus,https://www.lepetitvapoteur.com/fr/cirkus/8340-e-liquide-classic-cerise-cirkus.html,https://www.lepetitvapoteur.com/47808-large/e-liquide-classic-cerise-cirkus.jpg?v=111
Le Précieux Curieux,https://www.lepetitvapoteur.com/fr/curieux/8489-e-liquide-le-precieux-curieux.html,https://www.lepetitvapoteur.com/29880-large/e-liquide-le-precieux-curieux.jpg?v=111
Le Précieux Curieux Aux Sels de Nicotine,https://www.lepetitvapoteur.com/fr/curieux/8534-e-liquide-le-precieux-curieux-aux-sels-de-nicotine.html,https://www.lepetitvapoteur.com/30093-large/e-liquide-le-precieux-curieux-aux-sels-de-nicotine.jpg?v=111
Blue Velvet Cloud Vapor 50 ml,https://www.lepetitvapoteur.com/fr/e-liquide-cloud-vapor/8719-e-liquide-blue-velvet-cloud-vapor-50-ml.html,https://www.lepetitvapoteur.com/30746-large/e-liquide-blue-velvet-cloud-vapor-50-ml.jpg?v=111
Red Leaf Cloud Vapor 50 ml,https://www.lepetitvapoteur.com/fr/e-liquide-cloud-vapor/8720-e-liquide-red-leaf-cloud-vapor-50-ml.html,https://www.lepetitvapoteur.com/30747-large/e-liquide-red-leaf-cloud-vapor-50-ml.jpg?v=111
Black Flag Risen Five Pawns 50 ml,https://www.lepetitvapoteur.com/fr/five-pawns/8819-e-liquide-black-flag-risen-five-pawns-50-ml.html,https://www.lepetitvapoteur.com/33922-large/e-liquide-black-flag-risen-five-pawns-50-ml.jpg?v=111
Alabama Pulp aux Sels de Nicotine,https://www.lepetitvapoteur.com/fr/e-liquide-pulp-nic-salt/8834-e-liquide-alabama-pulp-aux-sels-de-nicotine.html,https://www.lepetitvapoteur.com/47885-large/e-liquide-alabama-pulp-aux-sels-de-nicotine.jpg?v=111
Blond au miel noir Pulp aux Sels de Nicotine,https://www.lepetitvapoteur.com/fr/e-liquide-pulp-nic-salt/8835-e-liquide-blond-au-miel-noir-pulp-aux-sels-de-nicotine.html,https://www.lepetitvapoteur.com/47886-large/e-liquide-blond-au-miel-noir-pulp-aux-sels-de-nicotine.jpg?v=111
La Chose Blend Le French Liquide,https://www.lepetitvapoteur.com/fr/le-french-liquide/8885-e-liquide-la-chose-blend-le-french-liquide.html,https://www.lepetitvapoteur.com/47933-large/e-liquide-la-chose-blend-le-french-liquide.jpg?v=111
Le Globe Trotteur Petit Nuage,https://www.lepetitvapoteur.com/fr/petit-nuage/8968-e-liquide-le-globe-trotteur-petit-nuage.html,https://www.lepetitvapoteur.com/47623-large/e-liquide-le-globe-trotteur-petit-nuage.jpg?v=111
Goldy Savourea,https://www.lepetitvapoteur.com/fr/e-liquide-savourea/9069-e-liquide-goldy-savourea.html,https://www.lepetitvapoteur.com/47997-large/e-liquide-goldy-savourea.jpg?v=111
Classic Vanillé,https://www.lepetitvapoteur.com/fr/le-petit-vapoteur/9365-e-liquide-classic-vanille.html,https://www.lepetitvapoteur.com/46643-large/e-liquide-classic-vanille.jpg?v=111
Le Grand Elixir Natural Curieux 50 ml,https://www.lepetitvapoteur.com/fr/natural/9458-e-liquide-le-grand-elixir-natural-curieux-50-ml.html,https://www.lepetitvapoteur.com/33097-large/e-liquide-le-grand-elixir-natural-curieux-50-ml.jpg?v=111
Le Tanzanien Natural Curieux 50 ml,https://www.lepetitvapoteur.com/fr/natural/9459-e-liquide-le-tanzanien-natural-curieux-50-ml.html,https://www.lepetitvapoteur.com/33098-large/e-liquide-le-tanzanien-natural-curieux-50-ml.jpg?v=111
L'Amazonien Natural Curieux 50 ml,https://www.lepetitvapoteur.com/fr/natural/9460-e-liquide-l-amazonien-natural-curieux-50-ml.html,https://www.lepetitvapoteur.com/33099-large/e-liquide-l-amazonien-natural-curieux-50-ml.jpg?v=111
Le Druide Natural Curieux 50 ml,https://www.lepetitvapoteur.com/fr/natural/9461-e-liquide-le-druide-natural-curieux-50-ml.html,https://www.lepetitvapoteur.com/33100-large/e-liquide-le-druide-natural-curieux-50-ml.jpg?v=111
L'Elixir Natural Curieux 50 ml,https://www.lepetitvapoteur.com/fr/natural/9462-e-liquide-l-elixir-natural-curieux-50-ml.html,https://www.lepetitvapoteur.com/33101-large/e-liquide-l-elixir-natural-curieux-50-ml.jpg?v=111
Le Grand Elixir Natural Curieux,https://www.lepetitvapoteur.com/fr/natural/9523-e-liquide-le-grand-elixir-natural-curieux.html,https://www.lepetitvapoteur.com/33109-large/e-liquide-le-grand-elixir-natural-curieux.jpg?v=111
Le Tanzanien Natural Curieux,https://www.lepetitvapoteur.com/fr/natural/9524-e-liquide-le-tanzanien-natural-curieux.html,https://www.lepetitvapoteur.com/33110-large/e-liquide-le-tanzanien-natural-curieux.jpg?v=111
L'Amazonien Natural Curieux,https://www.lepetitvapoteur.com/fr/natural/9525-e-liquide-l-amazonien-natural-curieux.html,https://www.lepetitvapoteur.com/33111-large/e-liquide-l-amazonien-natural-curieux.jpg?v=111
Le Druide Natural Curieux,https://www.lepetitvapoteur.com/fr/natural/9526-e-liquide-le-druide-natural-curieux.html,https://www.lepetitvapoteur.com/33112-large/e-liquide-le-druide-natural-curieux.jpg?v=111
L'Elixir Natural Curieux,https://www.lepetitvapoteur.com/fr/natural/9527-e-liquide-l-elixir-natural-curieux.html,https://www.lepetitvapoteur.com/33113-large/e-liquide-l-elixir-natural-curieux.jpg?v=111
555 Green Vapes 50 ml,https://www.lepetitvapoteur.com/fr/green-vapes/9593-e-liquide-555-green-vapes-50-ml.html,https://www.lepetitvapoteur.com/36856-large/e-liquide-555-green-vapes-50-ml.jpg?v=111
Rush Gold Flavor Hit 50 ml,https://www.lepetitvapoteur.com/fr/flavor-hit/10461-e-liquide-rush-gold-flavor-hit-50-ml.html,https://www.lepetitvapoteur.com/35483-large/e-liquide-rush-gold-flavor-hit-50-ml.jpg?v=111
Dark Vaper Brass 50 ml,https://www.lepetitvapoteur.com/fr/dark-vaper/10467-e-liquide-dark-vaper-brass-50-ml.html,https://www.lepetitvapoteur.com/36323-large/e-liquide-dark-vaper-brass-50-ml.jpg?v=111
Dark Vaper Gold 50 ml,https://www.lepetitvapoteur.com/fr/dark-vaper/10468-e-liquide-dark-vaper-gold-50-ml.html,https://www.lepetitvapoteur.com/45339-large/e-liquide-dark-vaper-gold-50-ml.jpg?v=111
Gold Sucker Moonshiners 60 ml,https://www.lepetitvapoteur.com/fr/e-liquide-moonshiners/10600-e-liquide-gold-sucker-moonshiners-60-ml.html,https://www.lepetitvapoteur.com/46515-large/e-liquide-gold-sucker-moonshiners-60-ml.jpg?v=111
Gold Sucker Moonshiners aux sels de nicotine,https://www.lepetitvapoteur.com/fr/e-liquide-moonshiners/10601-e-liquide-gold-sucker-moonshiners-aux-sels-de-nicotine.html,https://www.lepetitvapoteur.com/47936-large/e-liquide-gold-sucker-moonshiners-aux-sels-de-nicotine.jpg?v=111
Gold Sucker Moonshiners,https://www.lepetitvapoteur.com/fr/e-liquide-moonshiners/10602-e-liquide-gold-sucker-moonshiners.html,https://www.lepetitvapoteur.com/47937-large/e-liquide-gold-sucker-moonshiners.jpg?v=111
Alabama Pulp 60 ml,https://www.lepetitvapoteur.com/fr/pulp/10637-e-liquide-alabama-pulp-60-ml.html,https://www.lepetitvapoteur.com/35832-large/e-liquide-alabama-pulp-60-ml.jpg?v=111
Blond au miel noir Pulp 60 ml,https://www.lepetitvapoteur.com/fr/pulp/10639-e-liquide-blond-au-miel-noir-pulp-60-ml.html,https://www.lepetitvapoteur.com/35834-large/e-liquide-blond-au-miel-noir-pulp-60-ml.jpg?v=111
Mozambique Pulp 60 ml,https://www.lepetitvapoteur.com/fr/pulp/10640-e-liquide-mozambique-pulp-60-ml.html,https://www.lepetitvapoteur.com/35837-large/e-liquide-mozambique-pulp-60-ml.jpg?v=111
Tennessee Pulp 60 ml,https://www.lepetitvapoteur.com/fr/pulp/10641-e-liquide-tennessee-pulp-60-ml.html,https://www.lepetitvapoteur.com/35839-large/e-liquide-tennessee-pulp-60-ml.jpg?v=111
Virginie XL D'Lice 50 ml,https://www.lepetitvapoteur.com/fr/dlice/10665-e-liquide-virginie-xl-d-lice-50-ml.html,https://www.lepetitvapoteur.com/35922-large/e-liquide-virginie-xl-d-lice-50-ml.jpg?v=111
USA Classic XL D'Lice 50 ml,https://www.lepetitvapoteur.com/fr/dlice/10668-e-liquide-usa-classic-xl-d-lice-50-ml.html,https://www.lepetitvapoteur.com/35924-large/e-liquide-usa-classic-xl-d-lice-50-ml.jpg?v=111
Le Bon Copain Petit Nuage,https://www.lepetitvapoteur.com/fr/petit-nuage/10671-e-liquide-le-bon-copain-petit-nuage.html,https://www.lepetitvapoteur.com/47632-large/e-liquide-le-bon-copain-petit-nuage.jpg?v=111
Le Téméraire Minimal,https://www.lepetitvapoteur.com/fr/minimal/10680-e-liquide-le-temeraire-minimal.html,https://www.lepetitvapoteur.com/47734-large/e-liquide-le-temeraire-minimal.jpg?v=111
L'universel Minimal,https://www.lepetitvapoteur.com/fr/minimal/10682-e-liquide-l-universel-minimal.html,https://www.lepetitvapoteur.com/47735-large/e-liquide-l-universel-minimal.jpg?v=111
Hydromel Natural Curieux 50 ml,https://www.lepetitvapoteur.com/fr/natural/10702-e-liquide-hydromel-natural-curieux-50-ml.html,https://www.lepetitvapoteur.com/35992-large/e-liquide-hydromel-natural-curieux-50-ml.jpg?v=111
Hydromel Natural Curieux,https://www.lepetitvapoteur.com/fr/natural/10709-e-liquide-hydromel-natural-curieux.html,https://www.lepetitvapoteur.com/35998-large/e-liquide-hydromel-natural-curieux.jpg?v=111
Mozambique Pulp 200 ml,https://www.lepetitvapoteur.com/fr/pulp/10748-e-liquide-mozambique-pulp-200-ml.html,https://www.lepetitvapoteur.com/36104-large/e-liquide-mozambique-pulp-200-ml.jpg?v=111
Tennessee Pulp 200 ml,https://www.lepetitvapoteur.com/fr/pulp/10749-e-liquide-tennessee-pulp-200-ml.html,https://www.lepetitvapoteur.com/36102-large/e-liquide-tennessee-pulp-200-ml.jpg?v=111
Classic Spirit Calm+ by Minimal,https://www.lepetitvapoteur.com/fr/calm-plus/10771-e-liquide-classic-spirit-calm-by-minimal.html,https://www.lepetitvapoteur.com/47736-large/e-liquide-classic-spirit-calm-by-minimal.jpg?v=111
Le M Liquideo,https://www.lepetitvapoteur.com/fr/liquideo/10784-e-liquide-le-m-liquideo.html,https://www.lepetitvapoteur.com/48074-large/e-liquide-le-m-liquideo.jpg?v=111
Jolie Blonde Liquideo,https://www.lepetitvapoteur.com/fr/liquideo/10786-e-liquide-jolie-blonde-liquideo.html,https://www.lepetitvapoteur.com/36359-large/e-liquide-jolie-blonde-liquideo.jpg?v=111
American Mix Liquideo 50 ml,https://www.lepetitvapoteur.com/fr/liquideo/10791-e-liquide-american-mix-liquideo-50-ml.html,https://www.lepetitvapoteur.com/36363-large/e-liquide-american-mix-liquideo-50-ml.jpg?v=111
Jolie Blonde Liquideo 50 ml,https://www.lepetitvapoteur.com/fr/liquideo/10793-e-liquide-jolie-blonde-liquideo-50-ml.html,https://www.lepetitvapoteur.com/36364-large/e-liquide-jolie-blonde-liquideo-50-ml.jpg?v=111
Le M Liquideo 50 ml,https://www.lepetitvapoteur.com/fr/liquideo/10795-e-liquide-le-m-liquideo-50-ml.html,https://www.lepetitvapoteur.com/36366-large/e-liquide-le-m-liquideo-50-ml.jpg?v=111
Pack Duo Dark Vaper,https://www.lepetitvapoteur.com/fr/dark-vaper/10887-pack-duo-dark-vaper.html,https://www.lepetitvapoteur.com/36658-large/pack-duo-dark-vaper.jpg?v=111
La Chose Blend Salt E-Vapor,https://www.lepetitvapoteur.com/fr/e-liquide-salt-e-vapor/10960-e-liquide-la-chose-blend-salt-e-vapor.html,https://www.lepetitvapoteur.com/47939-large/e-liquide-la-chose-blend-salt-e-vapor.jpg?v=111
La Chose Blend 60 ml,https://www.lepetitvapoteur.com/fr/le-french-liquide/10965-e-liquide-la-chose-blend-60-ml.html,https://www.lepetitvapoteur.com/46517-large/e-liquide-la-chose-blend-60-ml.jpg?v=111
Le Declic Salt E-Vapor,https://www.lepetitvapoteur.com/fr/e-liquide-salt-e-vapor/10987-e-liquide-le-declic-salt-e-vapor.html,https://www.lepetitvapoteur.com/47941-large/e-liquide-le-declic-salt-e-vapor.jpg?v=111
Blond Caramel Salt E-Vapor,https://www.lepetitvapoteur.com/fr/e-liquide-salt-e-vapor/10988-e-liquide-blond-caramel-salt-e-vapor.html,https://www.lepetitvapoteur.com/47942-large/e-liquide-blond-caramel-salt-e-vapor.jpg?v=111
Bold Dad Big Papa 50 ml,https://www.lepetitvapoteur.com/fr/big-papa/11054-e-liquide-bold-dad-big-papa-50-ml.html,https://www.lepetitvapoteur.com/37114-large/e-liquide-bold-dad-big-papa-50-ml.jpg?v=111
USA Classic Basik aux sels de nicotine,https://www.lepetitvapoteur.com/fr/basik/11105-e-liquide-usa-classic-basik-aux-sels-de-nicotine.html,https://www.lepetitvapoteur.com/47814-large/e-liquide-usa-classic-basik-aux-sels-de-nicotine.jpg?v=111
M Classic Basik aux sels de nicotine,https://www.lepetitvapoteur.com/fr/basik/11108-e-liquide-m-classic-basik-aux-sels-de-nicotine.html,https://www.lepetitvapoteur.com/47815-large/e-liquide-m-classic-basik-aux-sels-de-nicotine.jpg?v=111
Blond Classic Basik aux sels de nicotine,https://www.lepetitvapoteur.com/fr/basik/11115-e-liquide-blond-classic-basik-aux-sels-de-nicotine.html,https://www.lepetitvapoteur.com/47817-large/e-liquide-blond-classic-basik-aux-sels-de-nicotine.jpg?v=111
Indian Spirit Ben Northon 50 ml,https://www.lepetitvapoteur.com/fr/e-liquide-ben-northon/11162-e-liquide-indian-spirit-ben-northon-50-ml.html,https://www.lepetitvapoteur.com/37370-large/e-liquide-indian-spirit-ben-northon-50-ml.jpg?v=111
Gold Digger Ben Northon 50 ml,https://www.lepetitvapoteur.com/fr/e-liquide-ben-northon/11163-e-liquide-gold-digger-ben-northon-50-ml.html,https://www.lepetitvapoteur.com/37371-large/e-liquide-gold-digger-ben-northon-50-ml.jpg?v=111
Love Blond Ben Northon 50 ml,https://www.lepetitvapoteur.com/fr/e-liquide-ben-northon/11165-e-liquide-love-blond-ben-northon-50-ml.html,https://www.lepetitvapoteur.com/37372-large/e-liquide-love-blond-ben-northon-50-ml.jpg?v=111
Black Horse Ben Northon 50 ml,https://www.lepetitvapoteur.com/fr/e-liquide-ben-northon/11166-e-liquide-black-horse-ben-northon-50-ml.html,https://www.lepetitvapoteur.com/37373-large/e-liquide-black-horse-ben-northon-50-ml.jpg?v=111
Le Globe Trotteur Petit Nuage 60 ml,https://www.lepetitvapoteur.com/fr/petit-nuage/11175-e-liquide-le-globe-trotteur-petit-nuage-60-ml.html,https://www.lepetitvapoteur.com/37515-large/e-liquide-le-globe-trotteur-petit-nuage-60-ml.jpg?v=111
Blond Noisette Salt E-Vapor,https://www.lepetitvapoteur.com/fr/e-liquide-salt-e-vapor/11444-e-liquide-blond-noisette-salt-e-vapor.html,https://www.lepetitvapoteur.com/47947-large/e-liquide-blond-noisette-salt-e-vapor.jpg?v=111
White Cake Cult Line,https://www.lepetitvapoteur.com/fr/pulp-cult-line/1941-white-cake.html,https://www.lepetitvapoteur.com/47864-large/white-cake.jpg?v=111
24 Stanley Montréal Original aux sels de...,https://www.lepetitvapoteur.com/fr/montreal-original/11831-e-liquide-24-stanley-montreal-original-aux-sels-de-nicotine.html,https://www.lepetitvapoteur.com/39772-large/e-liquide-24-stanley-montreal-original-aux-sels-de-nicotine.jpg?v=111
Rodéo Montréal Original aux sels de nicotine,https://www.lepetitvapoteur.com/fr/montreal-original/11835-e-liquide-rodeo-montreal-original-aux-sels-de-nicotine.html,https://www.lepetitvapoteur.com/39773-large/e-liquide-rodeo-montreal-original-aux-sels-de-nicotine.jpg?v=111
Chance Montréal Original aux sels de...,https://www.lepetitvapoteur.com/fr/montreal-original/11836-e-liquide-chance-montreal-original-aux-sels-de-nicotine.html,https://www.lepetitvapoteur.com/39774-large/e-liquide-chance-montreal-original-aux-sels-de-nicotine.jpg?v=111
Oasis Montréal Original aux sels de nicotine,https://www.lepetitvapoteur.com/fr/montreal-original/11837-e-liquide-oasis-montreal-original-aux-sels-de-nicotine.html,https://www.lepetitvapoteur.com/39775-large/e-liquide-oasis-montreal-original-aux-sels-de-nicotine.jpg?v=111
Famous 100 ml,https://www.lepetitvapoteur.com/fr/eliquid-france/5277-e-liquide-famous-100-ml.html,https://www.lepetitvapoteur.com/21343-large/e-liquide-famous-100-ml.jpg?v=111
Classic Virgin,https://www.lepetitvapoteur.com/fr/le-petit-vapoteur/12164-e-liquide-classic-virgin.html,https://www.lepetitvapoteur.com/46656-large/e-liquide-classic-virgin.jpg?v=111
Classic Virgin 50 ml,https://www.lepetitvapoteur.com/fr/le-petit-vapoteur/12165-e-liquide-classic-virgin-50-ml.html,https://www.lepetitvapoteur.com/41231-large/e-liquide-classic-virgin-50-ml.jpg?v=111
Chance Montréal Original 50 ml,https://www.lepetitvapoteur.com/fr/montreal-original/12752-e-liquide-chance-montreal-original-50-ml.html,https://www.lepetitvapoteur.com/46596-large/e-liquide-chance-montreal-original-50-ml.jpg?v=111
Oasis Montréal Original 50 ml,https://www.lepetitvapoteur.com/fr/montreal-original/12753-e-liquide-oasis-montreal-original-50-ml.html,https://www.lepetitvapoteur.com/42029-large/e-liquide-oasis-montreal-original-50-ml.jpg?v=111
Rodéo Montréal Original 50 ml,https://www.lepetitvapoteur.com/fr/montreal-original/12754-e-liquide-rodeo-montreal-original-50-ml.html,https://www.lepetitvapoteur.com/48723-large/e-liquide-rodeo-montreal-original-50-ml.jpg?v=111
Rodéo Montréal Original,https://www.lepetitvapoteur.com/fr/montreal-original/12757-e-liquide-rodeo-montreal-original.html,https://www.lepetitvapoteur.com/42025-large/e-liquide-rodeo-montreal-original.jpg?v=111
Oasis Montréal Original,https://www.lepetitvapoteur.com/fr/montreal-original/12758-e-liquide-oasis-montreal-original.html,https://www.lepetitvapoteur.com/42026-large/e-liquide-oasis-montreal-original.jpg?v=111
Chance Montréal Original,https://www.lepetitvapoteur.com/fr/montreal-original/12759-e-liquide-chance-montreal-original.html,https://www.lepetitvapoteur.com/42027-large/e-liquide-chance-montreal-original.jpg?v=111
Classic Français 50 ml,https://www.lepetitvapoteur.com/fr/le-petit-vapoteur/12796-e-liquide-classic-francais-50-ml.html,https://www.lepetitvapoteur.com/42563-large/e-liquide-classic-francais-50-ml.jpg?v=111
Classic Français,https://www.lepetitvapoteur.com/fr/le-petit-vapoteur/12797-e-liquide-classic-francais.html,https://www.lepetitvapoteur.com/46663-large/e-liquide-classic-francais.jpg?v=111
Classic Virgin aux sels de nicotine,https://www.lepetitvapoteur.com/fr/le-petit-vapoteur/12793-e-liquide-classic-virgin-aux-sels-de-nicotine.html,https://www.lepetitvapoteur.com/46662-large/e-liquide-classic-virgin-aux-sels-de-nicotine.jpg?v=111
Le Petit Blond aux sels de nicotine,https://www.lepetitvapoteur.com/fr/le-petit-vapoteur/12851-e-liquide-le-petit-blond-aux-sels-de-nicotine.html,https://www.lepetitvapoteur.com/46671-large/e-liquide-le-petit-blond-aux-sels-de-nicotine.jpg?v=111
RY4 aux sels de nicotine,https://www.lepetitvapoteur.com/fr/le-petit-vapoteur/12848-ry4-aux-sels-de-nicotine.html,https://www.lepetitvapoteur.com/46668-large/ry4-aux-sels-de-nicotine.jpg?v=111
Mozambique Blend Le Pod Liquide by Pulp...,https://www.lepetitvapoteur.com/fr/pulp/12854-mozambique-blend-le-pod-liquide-by-pulp-aux-sels-de-nicotine.html,https://www.lepetitvapoteur.com/47899-large/mozambique-blend-le-pod-liquide-by-pulp-aux-sels-de-nicotine.jpg?v=111
T Blond Doux Sense 60 ml,https://www.lepetitvapoteur.com/fr/sense/12865-e-liquide-t-blond-doux-sense-60-ml.html,https://www.lepetitvapoteur.com/42445-large/e-liquide-t-blond-doux-sense-60-ml.jpg?v=111
T Blond Légende Sense 60 ml,https://www.lepetitvapoteur.com/fr/sense/12866-e-liquide-t-blond-legende-sense-60-ml.html,https://www.lepetitvapoteur.com/42441-large/e-liquide-t-blond-legende-sense-60-ml.jpg?v=111
Virginia Tea Curieux 50 ml,https://www.lepetitvapoteur.com/fr/curieux/12917-e-liquide-virginia-tea-curieux-50-ml.html,https://www.lepetitvapoteur.com/42433-large/e-liquide-virginia-tea-curieux-50-ml.jpg?v=111
Galuchat Essentielle Curieux aux sels de...,https://www.lepetitvapoteur.com/fr/curieux/12919-e-liquide-galuchat-essentielle-curieux-aux-sels-de-nicotine.html,https://www.lepetitvapoteur.com/43644-large/e-liquide-galuchat-essentielle-curieux-aux-sels-de-nicotine.jpg?v=111
Denim Essentielle Curieux aux sels de...,https://www.lepetitvapoteur.com/fr/curieux/12918-e-liquide-denim-essentielle-curieux-aux-sels-de-nicotine.html,https://www.lepetitvapoteur.com/43643-large/e-liquide-denim-essentielle-curieux-aux-sels-de-nicotine.jpg?v=111
Le Précieux Curieux 50 ml,https://www.lepetitvapoteur.com/fr/curieux/12966-le-precieux-curieux-50-ml.html,https://www.lepetitvapoteur.com/42533-large/le-precieux-curieux-50-ml.jpg?v=111
Classique Minimal 50 ml,https://www.lepetitvapoteur.com/fr/minimal/13020-e-liquide-classique-minimal-50-ml.html,https://www.lepetitvapoteur.com/42702-large/e-liquide-classique-minimal-50-ml.jpg?v=111
Le Canadien Montréal Original,https://www.lepetitvapoteur.com/fr/montreal-original/13104-e-liquide-le-canadien-montreal-original.html,https://www.lepetitvapoteur.com/42932-large/e-liquide-le-canadien-montreal-original.jpg?v=111
Le Canadien Montréal Original 50 ml,https://www.lepetitvapoteur.com/fr/montreal-original/13105-e-liquide-le-canadien-montreal-original-50-ml.html,https://www.lepetitvapoteur.com/42976-large/e-liquide-le-canadien-montreal-original-50-ml.jpg?v=111
Spirit Tonic Elixirs Al-Kimiya 50 ml,https://www.lepetitvapoteur.com/fr/al-kimiya/13216-e-liquide-spirit-tonic-elixirs-al-kimiya-50-ml.html,https://www.lepetitvapoteur.com/43124-large/e-liquide-spirit-tonic-elixirs-al-kimiya-50-ml.jpg?v=111
Classic 4 Extrapure 50 ml,https://www.lepetitvapoteur.com/fr/extrapure/13408-e-liquide-classic-4-extrapure-50-ml.html,https://www.lepetitvapoteur.com/43514-large/e-liquide-classic-4-extrapure-50-ml.jpg?v=111
Classic RY4 Extrapure 50 ml,https://www.lepetitvapoteur.com/fr/extrapure/13409-e-liquide-classic-ry4-extrapure-50-ml.html,https://www.lepetitvapoteur.com/43515-large/e-liquide-classic-ry4-extrapure-50-ml.jpg?v=111
Classic Brun Extrapure 50 ml,https://www.lepetitvapoteur.com/fr/extrapure/13410-e-liquide-classic-brun-extrapure-50-ml.html,https://www.lepetitvapoteur.com/43516-large/e-liquide-classic-brun-extrapure-50-ml.jpg?v=111
Pure 70 Extrapure 50 ml,https://www.lepetitvapoteur.com/fr/extrapure/13424-e-liquide-pure-70-extrapure-50-ml.html,https://www.lepetitvapoteur.com/43526-large/e-liquide-pure-70-extrapure-50-ml.jpg?v=111
Santa Muerte Ladybug Juice 100 ml,https://www.lepetitvapoteur.com/fr/ladybug-juice-/13615-e-liquide-santa-muerte-ladybug-juice-100-ml.html,https://www.lepetitvapoteur.com/43821-large/e-liquide-santa-muerte-ladybug-juice-100-ml.jpg?v=111
Le Texan Natural Curieux 50 ml,https://www.lepetitvapoteur.com/fr/curieux/13612-e-liquide-le-texan-natural-curieux-50-ml.html,https://www.lepetitvapoteur.com/43616-large/e-liquide-le-texan-natural-curieux-50-ml.jpg?v=111
Le Texan Natural Curieux,https://www.lepetitvapoteur.com/fr/curieux/13608-e-liquide-le-texan-natural-curieux.html,https://www.lepetitvapoteur.com/43632-large/e-liquide-le-texan-natural-curieux.jpg?v=111
Végétol Burley Plus 60 ml,https://www.lepetitvapoteur.com/fr/vegetol/13640-e-liquide-vegetol-burley-plus-60-ml.html,https://www.lepetitvapoteur.com/43600-large/e-liquide-vegetol-burley-plus-60-ml.jpg?v=111
Spirit Tonic Shaman Edition Elixirs...,https://www.lepetitvapoteur.com/fr/al-kimiya/13736-e-liquide-spirit-tonic-shaman-edition-elixirs-al-kimiya-50-ml.html,https://www.lepetitvapoteur.com/44244-large/e-liquide-spirit-tonic-shaman-edition-elixirs-al-kimiya-50-ml.jpg?v=111
Alfaliquid FR-M - 50/50,https://www.lepetitvapoteur.com/fr/alfaliquid/13779-alfaliquid-fr-m-5050.html,https://www.lepetitvapoteur.com/44008-large/alfaliquid-fr-m-5050.jpg?v=111
Alfaliquid FR4 - 50/50,https://www.lepetitvapoteur.com/fr/alfaliquid/13787-alfaliquid-fr4-5050.html,https://www.lepetitvapoteur.com/44009-large/alfaliquid-fr4-5050.jpg?v=111
Alfaliquid Malawia - 50/50,https://www.lepetitvapoteur.com/fr/alfaliquid/13788-alfaliquid-malawia-5050.html,https://www.lepetitvapoteur.com/44010-large/alfaliquid-malawia-5050.jpg?v=111
Alfaliquid FR-K - 50/50,https://www.lepetitvapoteur.com/fr/alfaliquid/13789-alfaliquid-fr-k-5050.html,https://www.lepetitvapoteur.com/44011-large/alfaliquid-fr-k-5050.jpg?v=111
Alfaliquid USA-MIX - 50/50,https://www.lepetitvapoteur.com/fr/alfaliquid/13790-alfaliquid-usa-mix-5050.html,https://www.lepetitvapoteur.com/44012-large/alfaliquid-usa-mix-5050.jpg?v=111
Alfaliquid FR-K 50 ml,https://www.lepetitvapoteur.com/fr/alfaliquid/13778-e-liquide-alfaliquid-fr-k-50-ml.html,https://www.lepetitvapoteur.com/44016-large/e-liquide-alfaliquid-fr-k-50-ml.jpg?v=111
Alfaliquid FR4 50 ml,https://www.lepetitvapoteur.com/fr/alfaliquid/13780-alfaliquid-fr4-50-ml.html,https://www.lepetitvapoteur.com/44017-large/alfaliquid-fr4-50-ml.jpg?v=111
Alfaliquid FR-M 50 ml,https://www.lepetitvapoteur.com/fr/alfaliquid/13781-e-liquide-alfaliquid-fr-m-50-ml.html,https://www.lepetitvapoteur.com/44018-large/e-liquide-alfaliquid-fr-m-50-ml.jpg?v=111
Alfaliquid FR-W 50 ml,https://www.lepetitvapoteur.com/fr/alfaliquid/13783-e-liquide-alfaliquid-fr-w-50-ml.html,https://www.lepetitvapoteur.com/44020-large/e-liquide-alfaliquid-fr-w-50-ml.jpg?v=111
Alfaliquid USA-MIX 50 ml,https://www.lepetitvapoteur.com/fr/alfaliquid/13782-alfaliquid-usa-mix-50-ml.html,https://www.lepetitvapoteur.com/44019-large/alfaliquid-usa-mix-50-ml.jpg?v=111
Alfaliquid FR-M aux sels de nicotine,https://www.lepetitvapoteur.com/fr/alfaliquid/13796-e-liquide-alfaliquid-fr-m-aux-sels-de-nicotine.html,https://www.lepetitvapoteur.com/44076-large/e-liquide-alfaliquid-fr-m-aux-sels-de-nicotine.jpg?v=111
Alfaliquid FR4 aux sels de nicotine,https://www.lepetitvapoteur.com/fr/alfaliquid/13797-e-liquide-alfaliquid-fr4-aux-sels-de-nicotine.html,https://www.lepetitvapoteur.com/44074-large/e-liquide-alfaliquid-fr4-aux-sels-de-nicotine.jpg?v=111
Classic Menthe aux sels de nicotine,https://www.lepetitvapoteur.com/fr/le-petit-vapoteur/13883-e-liquide-classic-menthe-aux-sels-de-nicotine.html,https://www.lepetitvapoteur.com/46676-large/e-liquide-classic-menthe-aux-sels-de-nicotine.jpg?v=111
Loving You Big Papa 50 ml,https://www.lepetitvapoteur.com/fr/big-papa/13960-e-liquide-loving-you-big-papa-50-ml.html,https://www.lepetitvapoteur.com/44672-large/e-liquide-loving-you-big-papa-50-ml.jpg?v=111
Classic Hollander Beurk Research 50 ml,https://www.lepetitvapoteur.com/fr/beurk-research/14032-e-liquide-classic-hollander-beurk-research-50-ml.html,https://www.lepetitvapoteur.com/44886-large/e-liquide-classic-hollander-beurk-research-50-ml.jpg?v=111
Vanille Toscane Petit Nuage 60 ml,https://www.lepetitvapoteur.com/fr/petit-nuage/13978-e-liquide-vanille-toscane-petit-nuage-60-ml.html,https://www.lepetitvapoteur.com/44951-large/e-liquide-vanille-toscane-petit-nuage-60-ml.jpg?v=111
American Classic Montréal Original 50 ml,https://www.lepetitvapoteur.com/fr/montreal-original/14126-e-liquide-american-classic-montreal-original-50-ml.html,https://www.lepetitvapoteur.com/45022-large/e-liquide-american-classic-montreal-original-50-ml.jpg?v=111
French Classic Montréal Original 50 ml,https://www.lepetitvapoteur.com/fr/montreal-original/14127-e-liquide-french-classic-montreal-original-50-ml.html,https://www.lepetitvapoteur.com/45023-large/e-liquide-french-classic-montreal-original-50-ml.jpg?v=111
British Classic Montréal Original 50 ml,https://www.lepetitvapoteur.com/fr/montreal-original/14128-e-liquide-british-classic-montreal-original-50-ml.html,https://www.lepetitvapoteur.com/45024-large/e-liquide-british-classic-montreal-original-50-ml.jpg?v=111
British Classic Montréal Original aux...,https://www.lepetitvapoteur.com/fr/montreal-original/14129-e-liquide-british-classic-montreal-original-aux-sels-de-nicotine.html,https://www.lepetitvapoteur.com/45025-large/e-liquide-british-classic-montreal-original-aux-sels-de-nicotine.jpg?v=111
American Classic Montréal Original aux...,https://www.lepetitvapoteur.com/fr/montreal-original/14130-e-liquide-american-classic-montreal-original-aux-sels-de-nicotine.html,https://www.lepetitvapoteur.com/45026-large/e-liquide-american-classic-montreal-original-aux-sels-de-nicotine.jpg?v=111
French Classic Montréal Original aux sels...,https://www.lepetitvapoteur.com/fr/montreal-original/14131-e-liquide-french-classic-montreal-original-aux-sels-de-nicotine.html,https://www.lepetitvapoteur.com/45027-large/e-liquide-french-classic-montreal-original-aux-sels-de-nicotine.jpg?v=111
British Classic Montréal Original,https://www.lepetitvapoteur.com/fr/montreal-original/14132-e-liquide-british-classic-montreal-original.html,https://www.lepetitvapoteur.com/45028-large/e-liquide-british-classic-montreal-original.jpg?v=111
American Classic Montréal Original,https://www.lepetitvapoteur.com/fr/montreal-original/14133-e-liquide-american-classic-montreal-original.html,https://www.lepetitvapoteur.com/45029-large/e-liquide-american-classic-montreal-original.jpg?v=111
French Classic Montréal Original,https://www.lepetitvapoteur.com/fr/montreal-original/14134-e-liquide-french-classic-montreal-original.html,https://www.lepetitvapoteur.com/45030-large/e-liquide-french-classic-montreal-original.jpg?v=111
Blond Printemps Terroir et Vapeur,https://www.lepetitvapoteur.com/fr/terroir-et-vapeur/14302-e-liquide-blond-printemps-terroir-et-vapeur.html,https://www.lepetitvapoteur.com/47612-large/e-liquide-blond-printemps-terroir-et-vapeur.jpg?v=111
Fève des Cadets Terroir et Vapeur,https://www.lepetitvapoteur.com/fr/terroir-et-vapeur/14307-e-liquide-feve-des-cadets-terroir-et-vapeur.html,https://www.lepetitvapoteur.com/47614-large/e-liquide-feve-des-cadets-terroir-et-vapeur.jpg?v=111
Classic Blond Protect 40 ml,https://www.lepetitvapoteur.com/fr/protect/14359-e-liquide-classic-blond-protect-40-ml.html,https://www.lepetitvapoteur.com/45609-large/e-liquide-classic-blond-protect-40-ml.jpg?v=111
Soul Reaper Hellfest x Cloud Vapor 50 ml,https://www.lepetitvapoteur.com/fr/hellfest-x-cloud-vapor/14606-e-liquide-soul-reaper-hellfest-x-cloud-vapor-50-ml.html,https://www.lepetitvapoteur.com/46188-large/e-liquide-soul-reaper-hellfest-x-cloud-vapor-50-ml.jpg?v=111
Cartouches Don Cristo Original,https://www.lepetitvapoteur.com/fr/cartouches/14622-cartouches-don-cristo-original.html,https://www.lepetitvapoteur.com/46005-large/cartouches-don-cristo-original.jpg?v=111
Cartouches Don Cristo Pistachio,https://www.lepetitvapoteur.com/fr/cartouches/14623-cartouches-don-cristo-pistachio.html,https://www.lepetitvapoteur.com/46004-large/cartouches-don-cristo-pistachio.jpg?v=111
Cartouches Don Cristo Coffee,https://www.lepetitvapoteur.com/fr/cartouches/14624-cartouches-don-cristo-coffee.html,https://www.lepetitvapoteur.com/46006-large/cartouches-don-cristo-coffee.jpg?v=111
Cartouches Don Cristo BCT,https://www.lepetitvapoteur.com/fr/cartouches/14625-cartouches-don-cristo-bct.html,https://www.lepetitvapoteur.com/46007-large/cartouches-don-cristo-bct.jpg?v=111
Cartouches Don Cristo Double Apple Shisha,https://www.lepetitvapoteur.com/fr/cartouches/14626-cartouches-don-cristo-double-apple-shisha.html,https://www.lepetitvapoteur.com/46008-large/cartouches-don-cristo-double-apple-shisha.jpg?v=111
Cartouches Don Cristo Custard,https://www.lepetitvapoteur.com/fr/cartouches/14627-cartouches-don-cristo-custard.html,https://www.lepetitvapoteur.com/46009-large/cartouches-don-cristo-custard.jpg?v=111
Cartouches Don Cristo Sésame,https://www.lepetitvapoteur.com/fr/cartouches/14628-cartouches-don-cristo-sesame.html,https://www.lepetitvapoteur.com/46010-large/cartouches-don-cristo-sesame.jpg?v=111
Don Cristo aux sels de nicotine,https://www.lepetitvapoteur.com/fr/pgvg-labs/14747-e-liquide-don-cristo-aux-sels-de-nicotine.html,https://www.lepetitvapoteur.com/46294-large/e-liquide-don-cristo-aux-sels-de-nicotine.jpg?v=111
Don Cristo Coffee aux sels de nicotine,https://www.lepetitvapoteur.com/fr/pgvg-labs/14748-e-liquide-don-cristo-coffee-aux-sels-de-nicotine.html,https://www.lepetitvapoteur.com/46295-large/e-liquide-don-cristo-coffee-aux-sels-de-nicotine.jpg?v=111
Don Cristo Custard aux sels de nicotine,https://www.lepetitvapoteur.com/fr/pgvg-labs/14749-e-liquide-don-cristo-custard-aux-sels-de-nicotine.html,https://www.lepetitvapoteur.com/46296-large/e-liquide-don-cristo-custard-aux-sels-de-nicotine.jpg?v=111
Don Cristo Pistachio aux sels de nicotine,https://www.lepetitvapoteur.com/fr/pgvg-labs/14750-e-liquide-don-cristo-pistachio-aux-sels-de-nicotine.html,https://www.lepetitvapoteur.com/46297-large/e-liquide-don-cristo-pistachio-aux-sels-de-nicotine.jpg?v=111
Red Light District Moonshiners 60 ml,https://www.lepetitvapoteur.com/fr/e-liquide-moonshiners/14807-e-liquide-red-light-district-moonshiners-60-ml.html,https://www.lepetitvapoteur.com/47084-large/e-liquide-red-light-district-moonshiners-60-ml.jpg?v=111
Red Light District Moonshiners,https://www.lepetitvapoteur.com/fr/e-liquide-moonshiners/14809-e-liquide-red-light-district-moonshiners.html,https://www.lepetitvapoteur.com/47960-large/e-liquide-red-light-district-moonshiners.jpg?v=111
The Tiger Secret Garden 50 ml,https://www.lepetitvapoteur.com/fr/secret-garden/14865-e-liquide-the-tiger-secret-garden-50-ml.html,https://www.lepetitvapoteur.com/46810-large/e-liquide-the-tiger-secret-garden-50-ml.jpg?v=111
The Panther Secret Garden 50 ml,https://www.lepetitvapoteur.com/fr/secret-garden/14867-e-liquide-the-panther-secret-garden-50-ml.html,https://www.lepetitvapoteur.com/46812-large/e-liquide-the-panther-secret-garden-50-ml.jpg?v=111
Estrella Titanide Fine Cuts 50 ml,https://www.lepetitvapoteur.com/fr/saveurs-classic/14953-e-liquide-estrella-titanide-fine-cuts-50-ml.html,https://www.lepetitvapoteur.com/47177-large/e-liquide-estrella-titanide-fine-cuts-50-ml.jpg?v=111
Goldleaf Titanide Fine Cuts 50 ml,https://www.lepetitvapoteur.com/fr/saveurs-classic/14954-e-liquide-goldleaf-titanide-fine-cuts-50-ml.html,https://www.lepetitvapoteur.com/47178-large/e-liquide-goldleaf-titanide-fine-cuts-50-ml.jpg?v=111
Nubian Titanide Fine Cuts 50 ml,https://www.lepetitvapoteur.com/fr/saveurs-classic/14955-e-liquide-nubian-titanide-fine-cuts-50-ml.html,https://www.lepetitvapoteur.com/47180-large/e-liquide-nubian-titanide-fine-cuts-50-ml.jpg?v=111
Estrella Titanide Fine Cuts,https://www.lepetitvapoteur.com/fr/titanide-fine-cuts/14956-e-liquide-estrella-titanide-fine-cuts.html,https://www.lepetitvapoteur.com/47173-large/e-liquide-estrella-titanide-fine-cuts.jpg?v=111
Goldleaf Titanide Fine Cuts,https://www.lepetitvapoteur.com/fr/titanide-fine-cuts/14957-e-liquide-goldleaf-titanide-fine-cuts.html,https://www.lepetitvapoteur.com/47174-large/e-liquide-goldleaf-titanide-fine-cuts.jpg?v=111
Nubian Titanide Fine Cuts,https://www.lepetitvapoteur.com/fr/titanide-fine-cuts/14958-e-liquide-nubian-titanide-fine-cuts.html,https://www.lepetitvapoteur.com/47175-large/e-liquide-nubian-titanide-fine-cuts.jpg?v=111
Dervish Titanide Fine Cuts 50 ml,https://www.lepetitvapoteur.com/fr/saveurs-classic/14959-e-liquide-dervish-titanide-fine-cuts-50-ml.html,https://www.lepetitvapoteur.com/47181-large/e-liquide-dervish-titanide-fine-cuts-50-ml.jpg?v=111
Dervish Titanide Fine Cuts,https://www.lepetitvapoteur.com/fr/titanide-fine-cuts/14960-e-liquide-dervish-titanide-fine-cuts.html,https://www.lepetitvapoteur.com/47176-large/e-liquide-dervish-titanide-fine-cuts.jpg?v=111
Alfaliquid Blond Gaia Classic,https://www.lepetitvapoteur.com/fr/alfaliquid/15020-e-liquide-alfaliquid-blond-gaia-classic.html,https://www.lepetitvapoteur.com/47204-large/e-liquide-alfaliquid-blond-gaia-classic.jpg?v=111
Alfaliquid Blond Grillé Gaia Classic,https://www.lepetitvapoteur.com/fr/alfaliquid/15021-e-liquide-alfaliquid-blond-grille-gaia-classic.html,https://www.lepetitvapoteur.com/47205-large/e-liquide-alfaliquid-blond-grille-gaia-classic.jpg?v=111
Alfaliquid Blond Mentholé Gaia Classic,https://www.lepetitvapoteur.com/fr/alfaliquid/15022-e-liquide-alfaliquid-blond-menthole-gaia-classic.html,https://www.lepetitvapoteur.com/47206-large/e-liquide-alfaliquid-blond-menthole-gaia-classic.jpg?v=111
Alfaliquid Blond Sec Gaia Classic,https://www.lepetitvapoteur.com/fr/alfaliquid/15023-e-liquide-alfaliquid-blond-sec-gaia-classic.html,https://www.lepetitvapoteur.com/47207-large/e-liquide-alfaliquid-blond-sec-gaia-classic.jpg?v=111
Alfaliquid Corsé Gaia Classic,https://www.lepetitvapoteur.com/fr/alfaliquid/15024-e-liquide-alfaliquid-corse-gaia-classic.html,https://www.lepetitvapoteur.com/47208-large/e-liquide-alfaliquid-corse-gaia-classic.jpg?v=111
Alfaliquid Blond Sels de nicotine Gaia...,https://www.lepetitvapoteur.com/fr/alfaliquid/15025-e-liquide-alfaliquid-blond-sels-de-nicotine-gaia-classic.html,https://www.lepetitvapoteur.com/47197-large/e-liquide-alfaliquid-blond-sels-de-nicotine-gaia-classic.jpg?v=111
Alfaliquid Blond Grillé Sels de nicotine...,https://www.lepetitvapoteur.com/fr/alfaliquid/15027-e-liquide-alfaliquid-blond-grille-sels-de-nicotine-gaia-classic.html,https://www.lepetitvapoteur.com/47198-large/e-liquide-alfaliquid-blond-grille-sels-de-nicotine-gaia-classic.jpg?v=111
Alfaliquid Blond Mentholé Sels de...,https://www.lepetitvapoteur.com/fr/alfaliquid/15028-e-liquide-alfaliquid-blond-menthole-sels-de-nicotine-gaia-classic.html,https://www.lepetitvapoteur.com/47199-large/e-liquide-alfaliquid-blond-menthole-sels-de-nicotine-gaia-classic.jpg?v=111
Alfaliquid Blond Sec Sels de nicotine...,https://www.lepetitvapoteur.com/fr/alfaliquid/15029-e-liquide-alfaliquid-blond-sec-sels-de-nicotine-gaia-classic.html,https://www.lepetitvapoteur.com/47200-large/e-liquide-alfaliquid-blond-sec-sels-de-nicotine-gaia-classic.jpg?v=111
Alfaliquid Corsé Sels de nicotine Gaia...,https://www.lepetitvapoteur.com/fr/alfaliquid/15030-e-liquide-alfaliquid-corse-sels-de-nicotine-gaia-classic.html,https://www.lepetitvapoteur.com/47201-large/e-liquide-alfaliquid-corse-sels-de-nicotine-gaia-classic.jpg?v=111
Nova Montréal Original 50 ml,https://www.lepetitvapoteur.com/fr/montreal-original/15102-e-liquide-nova-montreal-original-50-ml.html,https://www.lepetitvapoteur.com/47450-large/e-liquide-nova-montreal-original-50-ml.jpg?v=111
Western Montréal Original 50 ml,https://www.lepetitvapoteur.com/fr/montreal-original/15103-e-liquide-western-montreal-original-50-ml.html,https://www.lepetitvapoteur.com/47451-large/e-liquide-western-montreal-original-50-ml.jpg?v=111
Western Montréal Original aux sels de...,https://www.lepetitvapoteur.com/fr/montreal-original/15104-e-liquide-western-montreal-original-aux-sels-de-nicotine.html,https://www.lepetitvapoteur.com/47452-large/e-liquide-western-montreal-original-aux-sels-de-nicotine.jpg?v=111
Nova Montréal Original aux sels de nicotine,https://www.lepetitvapoteur.com/fr/montreal-original/15105-e-liquide-nova-montreal-original-aux-sels-de-nicotine.html,https://www.lepetitvapoteur.com/47453-large/e-liquide-nova-montreal-original-aux-sels-de-nicotine.jpg?v=111
Western Montréal Original,https://www.lepetitvapoteur.com/fr/montreal-original/15100-e-liquide-western-montreal-original.html,https://www.lepetitvapoteur.com/47448-large/e-liquide-western-montreal-original.jpg?v=111
Nova Montréal Original,https://www.lepetitvapoteur.com/fr/montreal-original/15101-e-liquide-nova-montreal-original.html,https://www.lepetitvapoteur.com/47449-large/e-liquide-nova-montreal-original.jpg?v=111
Strong Blend Moonshiners Basics 50 ml,https://www.lepetitvapoteur.com/fr/e-liquide-moonshiners/15078-e-liquide-strong-blend-moonshiners-basics-50-ml.html,https://www.lepetitvapoteur.com/47345-large/e-liquide-strong-blend-moonshiners-basics-50-ml.jpg?v=111
Medium Blend Moonshiners Basics 50 ml,https://www.lepetitvapoteur.com/fr/e-liquide-moonshiners/15079-e-liquide-medium-blend-moonshiners-basics-50-ml.html,https://www.lepetitvapoteur.com/47346-large/e-liquide-medium-blend-moonshiners-basics-50-ml.jpg?v=111
Light Blend Moonshiners Basics 50 ml,https://www.lepetitvapoteur.com/fr/e-liquide-moonshiners/15080-e-liquide-light-blend-moonshiners-basics-50-ml.html,https://www.lepetitvapoteur.com/47347-large/e-liquide-light-blend-moonshiners-basics-50-ml.jpg?v=111
Old Nuts Blend Moonshiners Basics 50 ml,https://www.lepetitvapoteur.com/fr/e-liquide-moonshiners/15083-e-liquide-old-nuts-blend-moonshiners-basics-50-ml.html,https://www.lepetitvapoteur.com/47350-large/e-liquide-old-nuts-blend-moonshiners-basics-50-ml.jpg?v=111
Le Classic Vegetol Blow,https://www.lepetitvapoteur.com/fr/vegetol/15177-le-classic-vegetol-blow.html,https://www.lepetitvapoteur.com/48134-large/le-classic-vegetol-blow.jpg?v=111
Alfaliquid American,https://www.lepetitvapoteur.com/fr/alfaliquid/15324-e-liquide-alfaliquid-american.html,https://www.lepetitvapoteur.com/48427-large/e-liquide-alfaliquid-american.jpg?v=111
Alfaliquid FR-Mint,https://www.lepetitvapoteur.com/fr/alfaliquid/15328-e-liquide-alfaliquid-fr-mint.html,https://www.lepetitvapoteur.com/48423-large/e-liquide-alfaliquid-fr-mint.jpg?v=111
Hampton Vincent 50 ml,https://www.lepetitvapoteur.com/fr/vincent-dans-les-vapes/15441-e-liquide-hampton-vincent-50-ml.html,https://www.lepetitvapoteur.com/48724-large/e-liquide-hampton-vincent-50-ml.jpg?v=111
Hudson Vincent 50 ml,https://www.lepetitvapoteur.com/fr/vincent-dans-les-vapes/15442-e-liquide-hudson-vincent-50-ml.html,https://www.lepetitvapoteur.com/48725-large/e-liquide-hudson-vincent-50-ml.jpg?v=111
Classic Mint Vegetol Blow,https://www.lepetitvapoteur.com/fr/vegetol/15178-classic-mint-vegetol-blow.html,https://www.lepetitvapoteur.com/48135-large/classic-mint-vegetol-blow.jpg?v=111
