nom_produit,url_produit,img_produit
,https://www.lepetitvapoteur.com/fr/t-juice/643-red-astaire.html,https://www.lepetitvapoteur.com/32856-large/red-astaire.jpg?v=111
,https://www.lepetitvapoteur.com/fr/le-petit-vapoteur/2305-fruits-rouges-le-petit-vapoteur.html,https://www.lepetitvapoteur.com/46612-large/fruits-rouges-le-petit-vapoteur.jpg?v=111
Heisenberg,https://www.lepetitvapoteur.com/fr/e-liquide-vampire-vape/1409-heisenberg.html,https://www.lepetitvapoteur.com/31018-large/heisenberg.jpg?v=111
Citron Givré,https://www.lepetitvapoteur.com/fr/le-petit-vapoteur/2306-citron-givre-le-petit-vapoteur.html,https://www.lepetitvapoteur.com/46613-large/citron-givre-le-petit-vapoteur.jpg?v=111
Le Rouge,https://www.lepetitvapoteur.com/fr/le-petit-vapoteur/3571-le-rouge-le-petit-vapoteur.html,https://www.lepetitvapoteur.com/46620-large/le-rouge-le-petit-vapoteur.jpg?v=111
Licorne Astrale Curieux,https://www.lepetitvapoteur.com/fr/curieux/5635-e-liquide-licorne-curieux-edition-astrale-10-ml.html,https://www.lepetitvapoteur.com/22721-large/e-liquide-licorne-curieux-edition-astrale-10-ml.jpg?v=111
Pack Fruité LPV,https://www.lepetitvapoteur.com/fr/le-petit-vapoteur/5935-pack-fruite-le-petit-vapoteur.html,https://www.lepetitvapoteur.com/46695-large/pack-fruite-le-petit-vapoteur.jpg?v=111
,https://www.lepetitvapoteur.com/fr/le-petit-vapoteur/5663-e-liquide-peche-le-petit-vapoteur.html,https://www.lepetitvapoteur.com/46629-large/e-liquide-peche-le-petit-vapoteur.jpg?v=111
Pack Fruité LPV,https://www.lepetitvapoteur.com/fr/le-petit-vapoteur/5935-pack-fruite-le-petit-vapoteur.html,https://www.lepetitvapoteur.com/46695-large/pack-fruite-le-petit-vapoteur.jpg?v=111
Pack Frais LPV,https://www.lepetitvapoteur.com/fr/le-petit-vapoteur/5937-pack-frais-le-petit-vapoteur.html,https://www.lepetitvapoteur.com/46697-large/pack-frais-le-petit-vapoteur.jpg?v=111
Le Rouge,https://www.lepetitvapoteur.com/fr/le-petit-vapoteur/3571-le-rouge-le-petit-vapoteur.html,https://www.lepetitvapoteur.com/46620-large/le-rouge-le-petit-vapoteur.jpg?v=111
Pêche,https://www.lepetitvapoteur.com/fr/le-petit-vapoteur/5663-e-liquide-peche-le-petit-vapoteur.html,https://www.lepetitvapoteur.com/46629-large/e-liquide-peche-le-petit-vapoteur.jpg?v=111
Cassis Fresh,https://www.lepetitvapoteur.com/fr/le-petit-vapoteur/9364-e-liquide-cassis-fresh.html,https://www.lepetitvapoteur.com/46642-large/e-liquide-cassis-fresh.jpg?v=111
Citron Givré,https://www.lepetitvapoteur.com/fr/le-petit-vapoteur/2306-citron-givre-le-petit-vapoteur.html,https://www.lepetitvapoteur.com/46613-large/citron-givre-le-petit-vapoteur.jpg?v=111
Fruits Rouges,https://www.lepetitvapoteur.com/fr/le-petit-vapoteur/2305-fruits-rouges-le-petit-vapoteur.html,https://www.lepetitvapoteur.com/46612-large/fruits-rouges-le-petit-vapoteur.jpg?v=111
Mix-Fruits,https://www.lepetitvapoteur.com/fr/le-petit-vapoteur/5665-e-liquide-mix-fruits-le-petit-vapoteur.html,https://www.lepetitvapoteur.com/46630-large/e-liquide-mix-fruits-le-petit-vapoteur.jpg?v=111
Pomme,https://www.lepetitvapoteur.com/fr/le-petit-vapoteur/4913-e-liquide-pomme-le-petit-vapoteur.html,https://www.lepetitvapoteur.com/46623-large/e-liquide-pomme-le-petit-vapoteur.jpg?v=111
Fraise,https://www.lepetitvapoteur.com/fr/le-petit-vapoteur/4915-e-liquide-fraise-le-petit-vapoteur.html,https://www.lepetitvapoteur.com/46625-large/e-liquide-fraise-le-petit-vapoteur.jpg?v=111
Mangue Pourpre,https://www.lepetitvapoteur.com/fr/le-petit-vapoteur/9367-e-liquide-mangue-pourpre.html,https://www.lepetitvapoteur.com/46645-large/e-liquide-mangue-pourpre.jpg?v=111
Grenadille,https://www.lepetitvapoteur.com/fr/le-petit-vapoteur/9806-e-liquide-grenadille.html,https://www.lepetitvapoteur.com/46648-large/e-liquide-grenadille.jpg?v=111
La Tarte au citron,https://www.lepetitvapoteur.com/fr/le-petit-vapoteur/5664-e-liquide-tarte-au-citron-le-petit-vapoteur.html,https://www.lepetitvapoteur.com/46705-large/e-liquide-tarte-au-citron-le-petit-vapoteur.jpg?v=111
Pastèque Mélo,https://www.lepetitvapoteur.com/fr/le-petit-vapoteur/9368-pasteque-melo.html,https://www.lepetitvapoteur.com/46646-large/pasteque-melo.jpg?v=111
Fraise Fresh,https://www.lepetitvapoteur.com/fr/le-petit-vapoteur/3478-fraise-fresh.html,https://www.lepetitvapoteur.com/46617-large/fraise-fresh.jpg?v=111
Framboise Fresh,https://www.lepetitvapoteur.com/fr/le-petit-vapoteur/3479-framboise-fresh.html,https://www.lepetitvapoteur.com/46618-large/framboise-fresh.jpg?v=111
Tropic Ice,https://www.lepetitvapoteur.com/fr/le-petit-vapoteur/9808-e-liquide-tropic-ice.html,https://www.lepetitvapoteur.com/46649-large/e-liquide-tropic-ice.jpg?v=111
Grenadille aux sels de nicotine,https://www.lepetitvapoteur.com/fr/le-petit-vapoteur/6159-e-liquide-grenadille-le-petit-vapoteur.html,https://www.lepetitvapoteur.com/46636-large/e-liquide-grenadille-le-petit-vapoteur.jpg?v=111
Cassis Fresh 50 ml,https://www.lepetitvapoteur.com/fr/le-petit-vapoteur/9369-e-liquide-cassis-fresh-50-ml.html,https://www.lepetitvapoteur.com/32916-large/e-liquide-cassis-fresh-50-ml.jpg?v=111
Citron Givré 50 ml,https://www.lepetitvapoteur.com/fr/le-petit-vapoteur/8023-e-liquide-citron-givre-50-ml.html,https://www.lepetitvapoteur.com/28503-large/e-liquide-citron-givre-50-ml.jpg?v=111
Fraise 50 ml,https://www.lepetitvapoteur.com/fr/le-petit-vapoteur/9469-e-liquide-fraise-50-ml.html,https://www.lepetitvapoteur.com/32919-large/e-liquide-fraise-50-ml.jpg?v=111
Fraise Fresh 50 ml,https://www.lepetitvapoteur.com/fr/le-petit-vapoteur/9470-e-liquide-fraise-fresh-50-ml.html,https://www.lepetitvapoteur.com/32918-large/e-liquide-fraise-fresh-50-ml.jpg?v=111
Framboise Fresh 50 ml,https://www.lepetitvapoteur.com/fr/le-petit-vapoteur/9471-e-liquide-framboise-fresh-50-ml.html,https://www.lepetitvapoteur.com/32920-large/e-liquide-framboise-fresh-50-ml.jpg?v=111
Fruits Rouges 50 ml,https://www.lepetitvapoteur.com/fr/le-petit-vapoteur/8035-e-liquide-fruits-rouges-50-ml.html,https://www.lepetitvapoteur.com/28508-large/e-liquide-fruits-rouges-50-ml.jpg?v=111
Grenadille 50 ml,https://www.lepetitvapoteur.com/fr/le-petit-vapoteur/9578-e-liquide-grenadille-50-ml.html,https://www.lepetitvapoteur.com/32863-large/e-liquide-grenadille-50-ml.jpg?v=111
Le Décalé 50 ml,https://www.lepetitvapoteur.com/fr/le-petit-vapoteur/9582-le-decale-50-ml.html,https://www.lepetitvapoteur.com/32864-large/le-decale-50-ml.jpg?v=111
Le Rouge 50 ml,https://www.lepetitvapoteur.com/fr/le-petit-vapoteur/8037-e-liquide-le-rouge-50-ml.html,https://www.lepetitvapoteur.com/28516-large/e-liquide-le-rouge-50-ml.jpg?v=111
Mangue Pourpre 50 ml,https://www.lepetitvapoteur.com/fr/le-petit-vapoteur/9372-e-liquide-mangue-pourpre-50-ml.html,https://www.lepetitvapoteur.com/32921-large/e-liquide-mangue-pourpre-50-ml.jpg?v=111
Mix-Fruits 50 ml,https://www.lepetitvapoteur.com/fr/le-petit-vapoteur/9587-e-liquide-mix-fruits-50-ml.html,https://www.lepetitvapoteur.com/32868-large/e-liquide-mix-fruits-50-ml.jpg?v=111
Pastèque Mélo 50 ml,https://www.lepetitvapoteur.com/fr/le-petit-vapoteur/9374-pasteque-melo-50-ml.html,https://www.lepetitvapoteur.com/32925-large/pasteque-melo-50-ml.jpg?v=111
Pêche 50 ml,https://www.lepetitvapoteur.com/fr/le-petit-vapoteur/9583-e-liquide-peche-50-ml.html,https://www.lepetitvapoteur.com/32869-large/e-liquide-peche-50-ml.jpg?v=111
Pomme 50 ml,https://www.lepetitvapoteur.com/fr/le-petit-vapoteur/9475-e-liquide-pomme-50-ml.html,https://www.lepetitvapoteur.com/32926-large/e-liquide-pomme-50-ml.jpg?v=111
Tropic Ice 50 ml,https://www.lepetitvapoteur.com/fr/le-petit-vapoteur/9580-e-liquide-tropic-ice-50-ml.html,https://www.lepetitvapoteur.com/32873-large/e-liquide-tropic-ice-50-ml.jpg?v=111
Bonbon Banane 50 ml,https://www.lepetitvapoteur.com/fr/le-petit-vapoteur/9467-e-liquide-bonbon-banane-50-ml.html,https://www.lepetitvapoteur.com/32913-large/e-liquide-bonbon-banane-50-ml.jpg?v=111
Bonbon Fraise 50 ml,https://www.lepetitvapoteur.com/fr/le-petit-vapoteur/9468-e-liquide-bonbon-fraise-50-ml.html,https://www.lepetitvapoteur.com/32914-large/e-liquide-bonbon-fraise-50-ml.jpg?v=111
La Tarte au Citron 50 ml,https://www.lepetitvapoteur.com/fr/le-petit-vapoteur/9579-e-liquide-la-tarte-au-citron-50-ml.html,https://www.lepetitvapoteur.com/32871-large/e-liquide-la-tarte-au-citron-50-ml.jpg?v=111
Le Rouge 200 ml,https://www.lepetitvapoteur.com/fr/le-petit-vapoteur/5180-e-liquide-le-rouge-200-ml.html,https://www.lepetitvapoteur.com/21125-large/e-liquide-le-rouge-200-ml.jpg?v=111
Fruits Rouges 200 ml,https://www.lepetitvapoteur.com/fr/le-petit-vapoteur/9465-e-liquide-fruits-rouges-200-ml.html,https://www.lepetitvapoteur.com/32928-large/e-liquide-fruits-rouges-200-ml.jpg?v=111
Le Petit Full Moon,https://www.lepetitvapoteur.com/fr/lpv-and-friends/9350-e-liquide-le-petit-full-moon.html,https://www.lepetitvapoteur.com/46374-large/e-liquide-le-petit-full-moon.jpg?v=111
Le Petit Full Moon 50 ml,https://www.lepetitvapoteur.com/fr/lpv-and-friends/8073-e-liquide-le-petit-full-moon-50-ml.html,https://www.lepetitvapoteur.com/28743-large/e-liquide-le-petit-full-moon-50-ml.jpg?v=111
Le Petit Fruizee 50 ml,https://www.lepetitvapoteur.com/fr/lpv-and-friends/9530-e-liquide-le-petit-fruizee-50-ml.html,https://www.lepetitvapoteur.com/32783-large/e-liquide-le-petit-fruizee-50-ml.jpg?v=111
Pêche Fuu Prime Sels,https://www.lepetitvapoteur.com/fr/fuu-prime/5423-peche-fuu-prime-by-fuu-avec-sels-de-nicotine.html,https://www.lepetitvapoteur.com/47726-large/peche-fuu-prime-by-fuu-avec-sels-de-nicotine.jpg?v=111
Pomme Fuu Prime,https://www.lepetitvapoteur.com/fr/fuu-prime/5417-pomme-fuu-prime.html,https://www.lepetitvapoteur.com/47721-large/pomme-fuu-prime.jpg?v=111
Pomme Fuu Prime Sels,https://www.lepetitvapoteur.com/fr/fuu-prime/5418-pomme-fuu-prime-by-fuu-avec-sels-de-nicotine.html,https://www.lepetitvapoteur.com/47722-large/pomme-fuu-prime-by-fuu-avec-sels-de-nicotine.jpg?v=111
Fraise Fuu Prime,https://www.lepetitvapoteur.com/fr/fuu-prime/5413-fraise-fuu-prime.html,https://www.lepetitvapoteur.com/47717-large/fraise-fuu-prime.jpg?v=111
Fraise Fuu Prime Sels,https://www.lepetitvapoteur.com/fr/fuu-prime/5414-fraise-fuu-prime-by-fuu-avec-sels-de-nicotine.html,https://www.lepetitvapoteur.com/47718-large/fraise-fuu-prime-by-fuu-avec-sels-de-nicotine.jpg?v=111
Framboise Fuu Prime,https://www.lepetitvapoteur.com/fr/fuu-prime/5415-framboise-fuu-prime.html,https://www.lepetitvapoteur.com/47719-large/framboise-fuu-prime.jpg?v=111
Framboise Fuu Prime Sels,https://www.lepetitvapoteur.com/fr/fuu-prime/5416-framboise-fuu-prime-by-fuu-avec-sels-de-nicotine.html,https://www.lepetitvapoteur.com/47720-large/framboise-fuu-prime-by-fuu-avec-sels-de-nicotine.jpg?v=111
Citron Fuu Prime,https://www.lepetitvapoteur.com/fr/fuu-prime/5419-citron-fuu-prime.html,https://www.lepetitvapoteur.com/47723-large/citron-fuu-prime.jpg?v=111
Citron Fuu Prime Sels,https://www.lepetitvapoteur.com/fr/fuu-prime/5420-citron-fuu-prime-by-fuu-avec-sels-de-nicotine.html,https://www.lepetitvapoteur.com/47724-large/citron-fuu-prime-by-fuu-avec-sels-de-nicotine.jpg?v=111
Ananas Fuu Prime,https://www.lepetitvapoteur.com/fr/fuu-prime/5411-ananas-fuu-prime.html,https://www.lepetitvapoteur.com/47715-large/ananas-fuu-prime.jpg?v=111
Ananas Fuu Prime Sels,https://www.lepetitvapoteur.com/fr/fuu-prime/5412-ananas-fuu-prime-avec-sels-de-nicotine.html,https://www.lepetitvapoteur.com/47716-large/ananas-fuu-prime-avec-sels-de-nicotine.jpg?v=111
Poire Vincent,https://www.lepetitvapoteur.com/fr/vincent-dans-les-vapes/262-e-liquide-poire-vdlv.html,https://www.lepetitvapoteur.com/47762-large/e-liquide-poire-vdlv.jpg?v=111
Cerise Vincent,https://www.lepetitvapoteur.com/fr/vincent-dans-les-vapes/192-e-liquide-cerise-vdlv.html,https://www.lepetitvapoteur.com/47760-large/e-liquide-cerise-vdlv.jpg?v=111
Framboise Vincent,https://www.lepetitvapoteur.com/fr/vincent-dans-les-vapes/166-e-liquide-framboise-vdlv.html,https://www.lepetitvapoteur.com/47751-large/e-liquide-framboise-vdlv.jpg?v=111
Banane Vincent,https://www.lepetitvapoteur.com/fr/vincent-dans-les-vapes/168-e-liquide-banane-vdlv.html,https://www.lepetitvapoteur.com/47752-large/e-liquide-banane-vdlv.jpg?v=111
Ananas Vincent,https://www.lepetitvapoteur.com/fr/vincent-dans-les-vapes/169-e-liquide-ananas-vdlv.html,https://www.lepetitvapoteur.com/47753-large/e-liquide-ananas-vdlv.jpg?v=111
Noix de Coco Vincent,https://www.lepetitvapoteur.com/fr/vincent-dans-les-vapes/171-e-liquide-noix-de-coco-vdlv.html,https://www.lepetitvapoteur.com/47754-large/e-liquide-noix-de-coco-vdlv.jpg?v=111
Pomme Vincent,https://www.lepetitvapoteur.com/fr/vincent-dans-les-vapes/172-e-liquide-pomme-vdlv.html,https://www.lepetitvapoteur.com/47755-large/e-liquide-pomme-vdlv.jpg?v=111
Pêche Vincent,https://www.lepetitvapoteur.com/fr/vincent-dans-les-vapes/173-e-liquide-peche-vdlv.html,https://www.lepetitvapoteur.com/47756-large/e-liquide-peche-vdlv.jpg?v=111
Fraise Vincent,https://www.lepetitvapoteur.com/fr/vincent-dans-les-vapes/165-e-liquide-fraise-vdlv.html,https://www.lepetitvapoteur.com/47750-large/e-liquide-fraise-vdlv.jpg?v=111
Fleur d'Oranger Vincent,https://www.lepetitvapoteur.com/fr/vincent-dans-les-vapes/179-e-liquide-fleur-d-oranger-vdlv.html,https://www.lepetitvapoteur.com/47758-large/e-liquide-fleur-d-oranger-vdlv.jpg?v=111
Anis Vincent,https://www.lepetitvapoteur.com/fr/vincent-dans-les-vapes/481-e-liquide-anis-vdlv.html,https://www.lepetitvapoteur.com/47763-large/e-liquide-anis-vdlv.jpg?v=111
Thé Agrumes Vincent,https://www.lepetitvapoteur.com/fr/vincent-dans-les-vapes/2514-grand-maitre-les-grands.html,https://www.lepetitvapoteur.com/47785-large/grand-maitre-les-grands.jpg?v=111
Alfaliquid Framboise,https://www.lepetitvapoteur.com/fr/alfaliquid/207-alfaliquid-framboise.html,https://www.lepetitvapoteur.com/44172-large/alfaliquid-framboise.jpg?v=111
Alfaliquid Passion,https://www.lepetitvapoteur.com/fr/alfaliquid/118-alfaliquid-passion.html,https://www.lepetitvapoteur.com/44175-large/alfaliquid-passion.jpg?v=111
Framboise Green Vapes,https://www.lepetitvapoteur.com/fr/green-vapes/501-e-liquide-framboise-green-vapes.html,https://www.lepetitvapoteur.com/47548-large/e-liquide-framboise-green-vapes.jpg?v=111
Fruits Rouges Green Vapes,https://www.lepetitvapoteur.com/fr/green-vapes/507-e-liquide-fruits-rouges-green-vapes.html,https://www.lepetitvapoteur.com/47550-large/e-liquide-fruits-rouges-green-vapes.jpg?v=111
D'lice Pomme,https://www.lepetitvapoteur.com/fr/dlice/526-d-lice-pomme.html,https://www.lepetitvapoteur.com/35449-large/d-lice-pomme.jpg?v=111
D'lice Framboise,https://www.lepetitvapoteur.com/fr/dlice/533-d-lice-framboise.html,https://www.lepetitvapoteur.com/35457-large/d-lice-framboise.jpg?v=111
D'lice Pêche-Abricot,https://www.lepetitvapoteur.com/fr/dlice/535-d-lice-peche-abricot.html,https://www.lepetitvapoteur.com/35459-large/d-lice-peche-abricot.jpg?v=111
D'lice Fruits Rouges,https://www.lepetitvapoteur.com/fr/dlice/536-d-lice-fruits-rouges.html,https://www.lepetitvapoteur.com/35460-large/d-lice-fruits-rouges.jpg?v=111
D'lice Fraise,https://www.lepetitvapoteur.com/fr/dlice/537-d-lice-fraise.html,https://www.lepetitvapoteur.com/35461-large/d-lice-fraise.jpg?v=111
D'lice Tropical,https://www.lepetitvapoteur.com/fr/dlice/538-d-lice-tropical.html,https://www.lepetitvapoteur.com/35462-large/d-lice-tropical.jpg?v=111
Gambit Five Pawns,https://www.lepetitvapoteur.com/fr/five-pawns/703-gambit.html,https://www.lepetitvapoteur.com/48401-large/gambit.jpg?v=111
Queenside Five Pawns,https://www.lepetitvapoteur.com/fr/five-pawns/705-queenside.html,https://www.lepetitvapoteur.com/48403-large/queenside.jpg?v=111
D'lice Cherry Cola,https://www.lepetitvapoteur.com/fr/dlice/1041-d-lice-cherry-cola.html,https://www.lepetitvapoteur.com/35470-large/d-lice-cherry-cola.jpg?v=111
Rediz Dead The Fuu,https://www.lepetitvapoteur.com/fr/the-fuu/1164-e-liquide-rediz-dead.html,https://www.lepetitvapoteur.com/47698-large/e-liquide-rediz-dead.jpg?v=111
PULP Le cassis exquis,https://www.lepetitvapoteur.com/fr/pulp/1220-pulple-cassis-exquis.html,https://www.lepetitvapoteur.com/47852-large/pulple-cassis-exquis.jpg?v=111
PULP Fruits rouges à la réglisse,https://www.lepetitvapoteur.com/fr/pulp/1218-pomme-chicha.html,https://www.lepetitvapoteur.com/47850-large/pomme-chicha.jpg?v=111
PULP Pomme Chicha,https://www.lepetitvapoteur.com/fr/pulp/1215-pulp-pomme-chicha.html,https://www.lepetitvapoteur.com/47849-large/pulp-pomme-chicha.jpg?v=111
PULP L'Ananas coco,https://www.lepetitvapoteur.com/fr/pulp/1224-pulp-l-ananas-coco.html,https://www.lepetitvapoteur.com/47856-large/pulp-l-ananas-coco.jpg?v=111
Lemon Ice Cirkus,https://www.lepetitvapoteur.com/fr/cirkus/1333-e-liquide-lemon-ice-cirkus.html,https://www.lepetitvapoteur.com/47771-large/e-liquide-lemon-ice-cirkus.jpg?v=111
Fruits Rouges Cirkus,https://www.lepetitvapoteur.com/fr/cirkus/1335-e-liquide-fruits-rouges-cirkus.html,https://www.lepetitvapoteur.com/47772-large/e-liquide-fruits-rouges-cirkus.jpg?v=111
Passion Cirkus,https://www.lepetitvapoteur.com/fr/cirkus/1337-e-liquide-passion-cirkus.html,https://www.lepetitvapoteur.com/47774-large/e-liquide-passion-cirkus.jpg?v=111
Snake Oil 3 x 10 ml,https://www.lepetitvapoteur.com/fr/t-max-juice/579-snake-oil-3-x-10-ml.html,https://www.lepetitvapoteur.com/17425-large/snake-oil-3-x-10-ml.jpg?v=111
Snake Oil 5x10 ml,https://www.lepetitvapoteur.com/fr/t-max-juice/580-snake-oil-5x10-ml.html,https://www.lepetitvapoteur.com/17426-large/snake-oil-5x10-ml.jpg?v=111
Snake Oil 10 x 10 ml FIESTA !,https://www.lepetitvapoteur.com/fr/t-max-juice/666-snake-oil-10-x-10-ml-fiesta-.html,https://www.lepetitvapoteur.com/17427-large/snake-oil-10-x-10-ml-fiesta-.jpg?v=111
Heisenberg,https://www.lepetitvapoteur.com/fr/e-liquide-vampire-vape/1409-heisenberg.html,https://www.lepetitvapoteur.com/31018-large/heisenberg.jpg?v=111
Pinkman,https://www.lepetitvapoteur.com/fr/e-liquide-vampire-vape/1411-pinkman.html,https://www.lepetitvapoteur.com/31019-large/pinkman.jpg?v=111
Pure Morning Vaponaute 24,https://www.lepetitvapoteur.com/fr/vaponaute/1467-e-liquide-pure-morning-vaponaute-24.html,https://www.lepetitvapoteur.com/47589-large/e-liquide-pure-morning-vaponaute-24.jpg?v=111
Bikini Swoke,https://www.lepetitvapoteur.com/fr/swoke/1623-bikini-swoke.html,https://www.lepetitvapoteur.com/48179-large/bikini-swoke.jpg?v=111
Bisou V2 Swoke,https://www.lepetitvapoteur.com/fr/swoke/1624-bisou-swoke.html,https://www.lepetitvapoteur.com/48180-large/bisou-swoke.jpg?v=111
PULP Myrtille Givrée,https://www.lepetitvapoteur.com/fr/pulp/1662-pulp-myrtille-givree.html,https://www.lepetitvapoteur.com/47860-large/pulp-myrtille-givree.jpg?v=111
PULP - VERVEINE PAMPLEMOUSSE ROSE,https://www.lepetitvapoteur.com/fr/pulp/1663-pulp-verveine-pamplemousse-rose.html,https://www.lepetitvapoteur.com/47861-large/pulp-verveine-pamplemousse-rose.jpg?v=111
PULP VERVEINE DES ALPES,https://www.lepetitvapoteur.com/fr/pulp/1664-pulp-verveine-pamplemousse-des-alpes.html,https://www.lepetitvapoteur.com/47862-large/pulp-verveine-pamplemousse-des-alpes.jpg?v=111
RED HOOK,https://www.lepetitvapoteur.com/fr/red-rock/1709-red-hook.html,https://www.lepetitvapoteur.com/47963-large/red-hook.jpg?v=111
Pêche gourmande Cirkus,https://www.lepetitvapoteur.com/fr/cirkus/1734-e-liquide-peche-gourmande-cirkus.html,https://www.lepetitvapoteur.com/47779-large/e-liquide-peche-gourmande-cirkus.jpg?v=111
Pomme Caramel Cirkus,https://www.lepetitvapoteur.com/fr/cirkus/1733-e-liquide-pomme-caramel-cirkus.html,https://www.lepetitvapoteur.com/47778-large/e-liquide-pomme-caramel-cirkus.jpg?v=111
Luxure,https://www.lepetitvapoteur.com/fr/7-peches-capitaux/1743-luxure.html,https://www.lepetitvapoteur.com/47516-large/luxure.jpg?v=111
Mojito Green Vapes,https://www.lepetitvapoteur.com/fr/green-vapes/1890-e-liquide-mojito-green-vapes.html,https://www.lepetitvapoteur.com/47555-large/e-liquide-mojito-green-vapes.jpg?v=111
Re-Animator Le French Liquide,https://www.lepetitvapoteur.com/fr/le-french-liquide/1919-re-animator.html,https://www.lepetitvapoteur.com/47918-large/re-animator.jpg?v=111
Vinyl V2 Swoke,https://www.lepetitvapoteur.com/fr/swoke/1935-vinyl-swoke.html,https://www.lepetitvapoteur.com/48181-large/vinyl-swoke.jpg?v=111
PULP Peau de pêche,https://www.lepetitvapoteur.com/fr/pulp/1936-pulp-peau-de-peche.html,https://www.lepetitvapoteur.com/47863-large/pulp-peau-de-peche.jpg?v=111
Dragon Clouds Furiosa,https://www.lepetitvapoteur.com/fr/furiosa/2018-e-liquide-dragon-cloud-par-furiosa.html,https://www.lepetitvapoteur.com/13763-large/e-liquide-dragon-cloud-par-furiosa.jpg?v=111
Red Astaire TJuice,https://www.lepetitvapoteur.com/fr/t-juice/643-red-astaire.html,https://www.lepetitvapoteur.com/32856-large/red-astaire.jpg?v=111
D'lice El Loco,https://www.lepetitvapoteur.com/fr/dlice/2031-d-lice-el-loco.html,https://www.lepetitvapoteur.com/35473-large/d-lice-el-loco.jpg?v=111
Alfaliquid Pomme verte,https://www.lepetitvapoteur.com/fr/alfaliquid/2155-alfaliquid-pomme-verte.html,https://www.lepetitvapoteur.com/44204-large/alfaliquid-pomme-verte.jpg?v=111
Bathilde 814,https://www.lepetitvapoteur.com/fr/814/2188-bathilde-814.html,https://www.lepetitvapoteur.com/47781-large/bathilde-814.jpg?v=111
Glace Rouge Ever Vape,https://www.lepetitvapoteur.com/fr/e-liquide-ever-vape/3860-e-liquide-glace-rouge-ever-vape.html,https://www.lepetitvapoteur.com/48084-large/e-liquide-glace-rouge-ever-vape.jpg?v=111
Ice Beam Furiosa,https://www.lepetitvapoteur.com/fr/furiosa/2532-e-liquide-ice-beam-par-furiosa.html,https://www.lepetitvapoteur.com/48081-large/e-liquide-ice-beam-par-furiosa.jpg?v=111
Passion Exotique Ever Vape,https://www.lepetitvapoteur.com/fr/e-liquide-ever-vape/3859-e-liquide-passion-exotique-ever-vape.html,https://www.lepetitvapoteur.com/48083-large/e-liquide-passion-exotique-ever-vape.jpg?v=111
Poire Chlorophylle Ever Vape,https://www.lepetitvapoteur.com/fr/e-liquide-ever-vape/3858-e-liquide-poire-chlorophylle-ever-vape.html,https://www.lepetitvapoteur.com/48082-large/e-liquide-poire-chlorophylle-ever-vape.jpg?v=111
Alfaliquid Fruits Rouges,https://www.lepetitvapoteur.com/fr/alfaliquid/2650-alfaliquid-fruits-rouges.html,https://www.lepetitvapoteur.com/44167-large/alfaliquid-fruits-rouges.jpg?v=111
Alfaliquid Fraise Mûre,https://www.lepetitvapoteur.com/fr/alfaliquid/2652-alfaliquid-fraise-mure.html,https://www.lepetitvapoteur.com/44163-large/alfaliquid-fraise-mure.jpg?v=111
Alfaliquid Bubble Gum,https://www.lepetitvapoteur.com/fr/alfaliquid/2653-alfaliquid-bubble-gum.html,https://www.lepetitvapoteur.com/44433-large/alfaliquid-bubble-gum.jpg?v=111
Fraise Kiwi Cirkus,https://www.lepetitvapoteur.com/fr/cirkus/2918-e-liquide-fraise-kiwi-cirkus.html,https://www.lepetitvapoteur.com/47789-large/e-liquide-fraise-kiwi-cirkus.jpg?v=111
Piña Fraise Cirkus,https://www.lepetitvapoteur.com/fr/cirkus/2919-e-liquide-pina-fraise-cirkus.html,https://www.lepetitvapoteur.com/47790-large/e-liquide-pina-fraise-cirkus.jpg?v=111
Fruity Pamp Cirkus,https://www.lepetitvapoteur.com/fr/cirkus/2920-e-liquide-fruity-pamp-cirkus.html,https://www.lepetitvapoteur.com/47791-large/e-liquide-fruity-pamp-cirkus.jpg?v=111
Pastèque Mix Cirkus,https://www.lepetitvapoteur.com/fr/cirkus/2921-e-liquide-pasteque-mix-cirkus.html,https://www.lepetitvapoteur.com/47792-large/e-liquide-pasteque-mix-cirkus.jpg?v=111
Absinthe Pomme Cirkus,https://www.lepetitvapoteur.com/fr/cirkus/2922-e-liquide-absinthe-pomme-cirkus.html,https://www.lepetitvapoteur.com/47793-large/e-liquide-absinthe-pomme-cirkus.jpg?v=111
Zesty Zombie The Fuu,https://www.lepetitvapoteur.com/fr/the-fuu/2936-e-liquide-zesty-zombie.html,https://www.lepetitvapoteur.com/47701-large/e-liquide-zesty-zombie.jpg?v=111
Under the Sea Vaponaute,https://www.lepetitvapoteur.com/fr/vaponaute/938-e-liquide-under-the-sea-vaponaute.html,https://www.lepetitvapoteur.com/34053-large/e-liquide-under-the-sea-vaponaute.jpg?v=111
Over the Rainbow Vaponaute,https://www.lepetitvapoteur.com/fr/vaponaute/554-e-liquide-over-the-rainbow-vaponaute.html,https://www.lepetitvapoteur.com/34052-large/e-liquide-over-the-rainbow-vaponaute.jpg?v=111
Fruits Rouges Savourea,https://www.lepetitvapoteur.com/fr/e-liquide-savourea/3037-e-liquide-fruits-rouges-savourea.html,https://www.lepetitvapoteur.com/47964-large/e-liquide-fruits-rouges-savourea.jpg?v=111
Fraise Ice Savourea,https://www.lepetitvapoteur.com/fr/e-liquide-savourea/3042-fraise-ice-savourea.html,https://www.lepetitvapoteur.com/47967-large/fraise-ice-savourea.jpg?v=111
Crazy Green,https://www.lepetitvapoteur.com/fr/e-liquide-crazy/3153-crazy-green.html,https://www.lepetitvapoteur.com/47973-large/crazy-green.jpg?v=111
Crazy Man,https://www.lepetitvapoteur.com/fr/e-liquide-crazy/3152-crazy-man.html,https://www.lepetitvapoteur.com/47972-large/crazy-man.jpg?v=111
Carbonite Le French Liquide,https://www.lepetitvapoteur.com/fr/le-french-liquide/3183-e-liquide-carbonite.html,https://www.lepetitvapoteur.com/47920-large/e-liquide-carbonite.jpg?v=111
Carnage Vape Institut,https://www.lepetitvapoteur.com/fr/e-liquide-vape-institut/3194-e-liquide-carnage-vape-institut.html,https://www.lepetitvapoteur.com/47597-large/e-liquide-carnage-vape-institut.jpg?v=111
Aserah Vape Institut,https://www.lepetitvapoteur.com/fr/e-liquide-vape-institut/3193-e-liquide-aserah-vape-institut.html,https://www.lepetitvapoteur.com/47596-large/e-liquide-aserah-vape-institut.jpg?v=111
Heisenberg High VG,https://www.lepetitvapoteur.com/fr/e-liquide-vampire-vape/3318-heisenberg-high-vg.html,https://www.lepetitvapoteur.com/14714-large/heisenberg-high-vg.jpg?v=111
Pinkman High VG,https://www.lepetitvapoteur.com/fr/e-liquide-vampire-vape/3319-pinkman-high-vg.html,https://www.lepetitvapoteur.com/14713-large/pinkman-high-vg.jpg?v=111
Citron Orange Mandarine Fruizee,https://www.lepetitvapoteur.com/fr/fruizee/3457-citron-orange-mandarine-fruizee.html,https://www.lepetitvapoteur.com/47678-large/citron-orange-mandarine-fruizee.jpg?v=111
Cola Pomme Fruizee,https://www.lepetitvapoteur.com/fr/fruizee/3459-cola-pomme-fruizee.html,https://www.lepetitvapoteur.com/47679-large/cola-pomme-fruizee.jpg?v=111
Cassis Mangue Fruizee,https://www.lepetitvapoteur.com/fr/fruizee/3460-cassis-mangue-fruizee.html,https://www.lepetitvapoteur.com/47680-large/cassis-mangue-fruizee.jpg?v=111
Citron Cassis Fruizee,https://www.lepetitvapoteur.com/fr/fruizee/3461-citron-cassis-fruizee.html,https://www.lepetitvapoteur.com/47681-large/citron-cassis-fruizee.jpg?v=111
Guanabana Solana 50 ml,https://www.lepetitvapoteur.com/fr/solana/3496-guanabana-50-ml-solana.html,https://www.lepetitvapoteur.com/26824-large/guanabana-50-ml-solana.jpg?v=111
Citron Orange Mandarine King Size Fruizee,https://www.lepetitvapoteur.com/fr/fruizee/3500-citron-orange-mandarine-king-size-fruizee.html,https://www.lepetitvapoteur.com/19447-large/citron-orange-mandarine-king-size-fruizee.jpg?v=111
Citron Cassis King Size Fruizee,https://www.lepetitvapoteur.com/fr/fruizee/3501-citron-cassis-king-size-fruizee.html,https://www.lepetitvapoteur.com/19448-large/citron-cassis-king-size-fruizee.jpg?v=111
Cola Pomme King Size Fruizee,https://www.lepetitvapoteur.com/fr/fruizee/3510-cola-pomme-king-size-fruizee.html,https://www.lepetitvapoteur.com/20208-large/cola-pomme-king-size-fruizee.jpg?v=111
Cassis Mangue King Size Fruizee,https://www.lepetitvapoteur.com/fr/fruizee/3511-cassis-mangue-king-size-fruizee.html,https://www.lepetitvapoteur.com/19450-large/cassis-mangue-king-size-fruizee.jpg?v=111
Wanaka Solana 50 ml,https://www.lepetitvapoteur.com/fr/solana/3580-wanaka-50-ml-solana.html,https://www.lepetitvapoteur.com/26773-large/wanaka-50-ml-solana.jpg?v=111
Guanabana Solana,https://www.lepetitvapoteur.com/fr/solana/3584-guanabana-solana-10ml.html,https://www.lepetitvapoteur.com/47495-large/guanabana-solana-10ml.jpg?v=111
Dragon Saiyen Vapors,https://www.lepetitvapoteur.com/fr/e-liquide-saiyen-vapors/3588-dragon-saiyen-vapors.html,https://www.lepetitvapoteur.com/15701-large/dragon-saiyen-vapors.jpg?v=111
Païpaï Saiyen Vapors,https://www.lepetitvapoteur.com/fr/e-liquide-saiyen-vapors/3589-paipai-saiyen-vapors.html,https://www.lepetitvapoteur.com/15700-large/paipai-saiyen-vapors.jpg?v=111
Iceberry Flavor Hit,https://www.lepetitvapoteur.com/fr/flavor-hit/3638-e-liquide-iceberry-flavor-hit.html,https://www.lepetitvapoteur.com/47573-large/e-liquide-iceberry-flavor-hit.jpg?v=111
Persian Apple Flavor Hit,https://www.lepetitvapoteur.com/fr/flavor-hit/3641-e-liquide-persian-apple-flavor-hit.html,https://www.lepetitvapoteur.com/47575-large/e-liquide-persian-apple-flavor-hit.jpg?v=111
Rubellit Flavor Hit,https://www.lepetitvapoteur.com/fr/flavor-hit/3643-e-liquide-rubellit-flavor-hit.html,https://www.lepetitvapoteur.com/47576-large/e-liquide-rubellit-flavor-hit.jpg?v=111
Fruits des bois - Les Irréductibles-...,https://www.lepetitvapoteur.com/fr/mecanique-des-fluides/3678-fruits-des-bois-les-irreductibles-mecanique-des-fluides.html,https://www.lepetitvapoteur.com/21723-large/fruits-des-bois-les-irreductibles-mecanique-des-fluides.jpg?v=111
Mangue Framboise Cirkus,https://www.lepetitvapoteur.com/fr/cirkus/3871-e-liquide-mangue-framboise-cirkus.html,https://www.lepetitvapoteur.com/47798-large/e-liquide-mangue-framboise-cirkus.jpg?v=111
Cassis Frais Cirkus,https://www.lepetitvapoteur.com/fr/cirkus/3872-e-liquide-cassis-frais-cirkus.html,https://www.lepetitvapoteur.com/47799-large/e-liquide-cassis-frais-cirkus.jpg?v=111
Xpérience Green Vapes,https://www.lepetitvapoteur.com/fr/green-vapes/3906-e-liquide-xperience-green-vapes.html,https://www.lepetitvapoteur.com/47561-large/e-liquide-xperience-green-vapes.jpg?v=111
Tirami'chou Sense Insolite,https://www.lepetitvapoteur.com/fr/e-liquide-sense-insolite/3959-e-liquide-tirami-chou-sense-insolite.html,https://www.lepetitvapoteur.com/47533-large/e-liquide-tirami-chou-sense-insolite.jpg?v=111
Manga Swoke,https://www.lepetitvapoteur.com/fr/swoke/3976-e-liquide-manga-swoke.html,https://www.lepetitvapoteur.com/48185-large/e-liquide-manga-swoke.jpg?v=111
Lemon Tart Dinner Lady 50 ml,https://www.lepetitvapoteur.com/fr/dinner-lady/4050-e-liquide-lemon-tart-50ml-dinner-lady.html,https://www.lepetitvapoteur.com/31610-large/e-liquide-lemon-tart-50ml-dinner-lady.jpg?v=111
Peach Raspberry Slushy 50 ml,https://www.lepetitvapoteur.com/fr/e-liquide-slushy/4093-peach-raspberry-slushy-50-ml.html,https://www.lepetitvapoteur.com/17465-large/peach-raspberry-slushy-50-ml.jpg?v=111
Strawberry Watermelon Slushy 50 ml,https://www.lepetitvapoteur.com/fr/e-liquide-slushy/4094-strawberry-watermelon-slushy-50-ml.html,https://www.lepetitvapoteur.com/17466-large/strawberry-watermelon-slushy-50-ml.jpg?v=111
Blue Razz Slushy 50 ml,https://www.lepetitvapoteur.com/fr/e-liquide-slushy/4095-blue-razz-slushy-50-ml.html,https://www.lepetitvapoteur.com/17467-large/blue-razz-slushy-50-ml.jpg?v=111
Bloody Summer Fruizee,https://www.lepetitvapoteur.com/fr/fruizee/4119-bloody-summer-fruizee.html,https://www.lepetitvapoteur.com/47682-large/bloody-summer-fruizee.jpg?v=111
Crazy Mango Fruizee,https://www.lepetitvapoteur.com/fr/fruizee/4121-e-liquide-crazy-mango-fruizee.html,https://www.lepetitvapoteur.com/47684-large/e-liquide-crazy-mango-fruizee.jpg?v=111
Bloody Summer King Size Fruizee,https://www.lepetitvapoteur.com/fr/fruizee/4122-e-liquide-bloody-summer-king-size-fruizee.html,https://www.lepetitvapoteur.com/19444-large/e-liquide-bloody-summer-king-size-fruizee.jpg?v=111
Crazy Mango King Size Fruizee,https://www.lepetitvapoteur.com/fr/fruizee/4124-e-liquide-crazy-mango-king-size-fruizee.html,https://www.lepetitvapoteur.com/19446-large/e-liquide-crazy-mango-king-size-fruizee.jpg?v=111
Big Blue Vaporigins 80 ml,https://www.lepetitvapoteur.com/fr/e-liquide-vaporigins/4125-e-liquide-big-blue-vaporigins.html,https://www.lepetitvapoteur.com/46080-large/e-liquide-big-blue-vaporigins.jpg?v=111
Breezer Saiyen Vapors,https://www.lepetitvapoteur.com/fr/e-liquide-saiyen-vapors/4148-e-liquide-breezer-saiyen-vapors.html,https://www.lepetitvapoteur.com/17532-large/e-liquide-breezer-saiyen-vapors.jpg?v=111
Strawberry Bikini Dinner Lady 50 ml,https://www.lepetitvapoteur.com/fr/dinner-lady/4194-e-liquide-strawberry-bikini-50ml-dinner-lady.html,https://www.lepetitvapoteur.com/30962-large/e-liquide-strawberry-bikini-50ml-dinner-lady.jpg?v=111
Sun Tango Mango Dinner Lady 50 ml,https://www.lepetitvapoteur.com/fr/dinner-lady/4195-e-liquide-sun-tango-mango-50ml-dinner-lady.html,https://www.lepetitvapoteur.com/30963-large/e-liquide-sun-tango-mango-50ml-dinner-lady.jpg?v=111
Pinkman 50 ml,https://www.lepetitvapoteur.com/fr/e-liquide-vampire-vape/4221-e-liquide-pinkman-50ml.html,https://www.lepetitvapoteur.com/17678-large/e-liquide-pinkman-50ml.jpg?v=111
Heisenberg 50 ml,https://www.lepetitvapoteur.com/fr/e-liquide-vampire-vape/4222-e-liquide-heisenberg-50ml.html,https://www.lepetitvapoteur.com/17679-large/e-liquide-heisenberg-50ml.jpg?v=111
Blood Sukka Vampire Vape 50 ml,https://www.lepetitvapoteur.com/fr/e-liquide-vampire-vape/4223-blood-sukka-50-ml.html,https://www.lepetitvapoteur.com/43828-large/blood-sukka-50-ml.jpg?v=111
Tropical Melon Madness Slushy 50 ml,https://www.lepetitvapoteur.com/fr/e-liquide-slushy/4249-tropical-melon-madness-slushy-50-ml.html,https://www.lepetitvapoteur.com/17880-large/tropical-melon-madness-slushy-50-ml.jpg?v=111
Tropical Strawberry Pineapple Slushy 50 ml,https://www.lepetitvapoteur.com/fr/e-liquide-slushy/4250-tropical-strawberry-pineapple-slushy-50-ml.html,https://www.lepetitvapoteur.com/17879-large/tropical-strawberry-pineapple-slushy-50-ml.jpg?v=111
Frisson Cassis Ever Vape,https://www.lepetitvapoteur.com/fr/e-liquide-ever-vape/4252-e-liquide-frisson-cassis-ever-vape.html,https://www.lepetitvapoteur.com/48085-large/e-liquide-frisson-cassis-ever-vape.jpg?v=111
Blue Razz Slushy,https://www.lepetitvapoteur.com/fr/e-liquide-slushy/4297-blue-razz-slushy.html,https://www.lepetitvapoteur.com/47705-large/blue-razz-slushy.jpg?v=111
Peach Raspberry Slushy,https://www.lepetitvapoteur.com/fr/e-liquide-slushy/4299-peach-raspberry-slushy.html,https://www.lepetitvapoteur.com/47706-large/peach-raspberry-slushy.jpg?v=111
Strawberry Watermelon Slushy,https://www.lepetitvapoteur.com/fr/saveurs-fruites/4300-strawberry-watermelon-slushy.html,https://www.lepetitvapoteur.com/47707-large/strawberry-watermelon-slushy.jpg?v=111
Gül Frukt,https://www.lepetitvapoteur.com/fr/frukt/4357-e-liquide-gul-frukt.html,https://www.lepetitvapoteur.com/47975-large/e-liquide-gul-frukt.jpg?v=111
Nektar Frukt,https://www.lepetitvapoteur.com/fr/frukt/4359-e-liquide-nektar-frukt.html,https://www.lepetitvapoteur.com/47976-large/e-liquide-nektar-frukt.jpg?v=111
Röd Frukt,https://www.lepetitvapoteur.com/fr/frukt/4360-rod-frukt.html,https://www.lepetitvapoteur.com/47977-large/rod-frukt.jpg?v=111
Vinbär Frukt,https://www.lepetitvapoteur.com/fr/frukt/4361-e-liquide-vinbar-frukt.html,https://www.lepetitvapoteur.com/47978-large/e-liquide-vinbar-frukt.jpg?v=111
Crazy Mango No Fresh King Size Fruizee,https://www.lepetitvapoteur.com/fr/fruizee/4390-e-liquide-crazy-mango-fruizee-no-fresh.html,https://www.lepetitvapoteur.com/20211-large/e-liquide-crazy-mango-fruizee-no-fresh.jpg?v=111
Rainbow Mania Vaporigins 80 ml,https://www.lepetitvapoteur.com/fr/e-liquide-vaporigins/4483-e-liquide-rainbow-mania-vaporigins-80-ml.html,https://www.lepetitvapoteur.com/46081-large/e-liquide-rainbow-mania-vaporigins-80-ml.jpg?v=111
Vegetol Cloud Fruits Rouges,https://www.lepetitvapoteur.com/fr/vegetol/4593-e-liquide-vegetol-fruits-rouges.html,https://www.lepetitvapoteur.com/24904-large/e-liquide-vegetol-fruits-rouges.jpg?v=111
Harambae Twelve Monkeys 50 ml,https://www.lepetitvapoteur.com/fr/twelve-monkey-vapor-co/4624-harambae-twelve-monkeys-50-ml.html,https://www.lepetitvapoteur.com/19210-large/harambae-twelve-monkeys-50-ml.jpg?v=111
Matata Twelve Monkeys 50 ml,https://www.lepetitvapoteur.com/fr/twelve-monkey-vapor-co/4626-matata-twelve-monkeys-50-ml.html,https://www.lepetitvapoteur.com/19212-large/matata-twelve-monkeys-50-ml.jpg?v=111
Tropika Twelve Monkeys 50 ml,https://www.lepetitvapoteur.com/fr/twelve-monkey-vapor-co/4632-tropika-twelve-monkeys-50-ml.html,https://www.lepetitvapoteur.com/19218-large/tropika-twelve-monkeys-50-ml.jpg?v=111
Aria Furiosa Eggz 50 ml,https://www.lepetitvapoteur.com/fr/furiosa/4698-e-liquide-aria-eggz-furiosa.html,https://www.lepetitvapoteur.com/19439-large/e-liquide-aria-eggz-furiosa.jpg?v=111
Lava Drops Furiosa 40 ml,https://www.lepetitvapoteur.com/fr/furiosa/4699-e-liquide-lava-drops-40-ml-par-furiosa.html,https://www.lepetitvapoteur.com/19442-large/e-liquide-lava-drops-40-ml-par-furiosa.jpg?v=111
Ice Beam 40 ml Furiosa,https://www.lepetitvapoteur.com/fr/furiosa/4700-e-liquide-ice-beam-40-ml-par-furiosa.html,https://www.lepetitvapoteur.com/19443-large/e-liquide-ice-beam-40-ml-par-furiosa.jpg?v=111
Doom Furiosa Eggz 50 ml,https://www.lepetitvapoteur.com/fr/furiosa/4701-e-liquide-doom-eggz-furiosa.html,https://www.lepetitvapoteur.com/19440-large/e-liquide-doom-eggz-furiosa.jpg?v=111
Ivy Furiosa Eggz 50 ml,https://www.lepetitvapoteur.com/fr/furiosa/4702-e-liquide-ivy-eggz-furiosa.html,https://www.lepetitvapoteur.com/19441-large/e-liquide-ivy-eggz-furiosa.jpg?v=111
Mangue Ananas Salt E-Vapor,https://www.lepetitvapoteur.com/fr/e-liquide-salt-e-vapor/4805-e-liquide-mangue-ananas-salt-e-vapor.html,https://www.lepetitvapoteur.com/47923-large/e-liquide-mangue-ananas-salt-e-vapor.jpg?v=111
Fruits Rouges Salt E-Vapor,https://www.lepetitvapoteur.com/fr/e-liquide-salt-e-vapor/4806-e-liquide-fruits-rouges-salt-e-vapor.html,https://www.lepetitvapoteur.com/47924-large/e-liquide-fruits-rouges-salt-e-vapor.jpg?v=111
Breezer Saiyen Vapors 50 ml,https://www.lepetitvapoteur.com/fr/e-liquide-saiyen-vapors/4816-breezer-saiyen-vapors50-ml.html,https://www.lepetitvapoteur.com/19735-large/breezer-saiyen-vapors50-ml.jpg?v=111
Païpaï Saiyen Vapors 50 ml,https://www.lepetitvapoteur.com/fr/e-liquide-saiyen-vapors/4817-paipai-saiyen-vapors-50-ml.html,https://www.lepetitvapoteur.com/19736-large/paipai-saiyen-vapors-50-ml.jpg?v=111
Dragon Saiyen Vapors 50 ml,https://www.lepetitvapoteur.com/fr/e-liquide-saiyen-vapors/4818-dragon-saiyen-vapors-50-ml.html,https://www.lepetitvapoteur.com/19737-large/dragon-saiyen-vapors-50-ml.jpg?v=111
USA-FR Savourea,https://www.lepetitvapoteur.com/fr/e-liquide-savourea/4827-e-liquide-usa-fr-savourea.html,https://www.lepetitvapoteur.com/47979-large/e-liquide-usa-fr-savourea.jpg?v=111
Bang Frukt,https://www.lepetitvapoteur.com/fr/frukt/4828-e-liquide-bang-frukt.html,https://www.lepetitvapoteur.com/47980-large/e-liquide-bang-frukt.jpg?v=111
Koko Frukt,https://www.lepetitvapoteur.com/fr/frukt/4829-e-liquide-koko-frukt.html,https://www.lepetitvapoteur.com/47981-large/e-liquide-koko-frukt.jpg?v=111
Aloev'You Sense Insolite,https://www.lepetitvapoteur.com/fr/e-liquide-sense-insolite/4840-e-liquide-aloev-you-sense-insolite.html,https://www.lepetitvapoteur.com/47535-large/e-liquide-aloev-you-sense-insolite.jpg?v=111
Cherry Cherie Sense Insolite,https://www.lepetitvapoteur.com/fr/e-liquide-sense-insolite/4841-e-liquide-cherry-cherie-sense-insolite.html,https://www.lepetitvapoteur.com/47536-large/e-liquide-cherry-cherie-sense-insolite.jpg?v=111
Cactus Dictator,https://www.lepetitvapoteur.com/fr/e-liquide-dictator/4850-e-liquide-cactus-dictator.html,https://www.lepetitvapoteur.com/47982-large/e-liquide-cactus-dictator.jpg?v=111
Purple Full Moon 50 ml,https://www.lepetitvapoteur.com/fr/e-liquide-full-moon/4997-e-liquide-purple-full-moon-50-ml.html,https://www.lepetitvapoteur.com/33360-large/e-liquide-purple-full-moon-50-ml.jpg?v=111
Red Full Moon 50 ml,https://www.lepetitvapoteur.com/fr/e-liquide-full-moon/4998-e-liquide-red-full-moon-50-ml.html,https://www.lepetitvapoteur.com/33361-large/e-liquide-red-full-moon-50-ml.jpg?v=111
Blue Full Moon 50 ml,https://www.lepetitvapoteur.com/fr/e-liquide-full-moon/4999-e-liquide-blue-full-moon-50-ml.html,https://www.lepetitvapoteur.com/34037-large/e-liquide-blue-full-moon-50-ml.jpg?v=111
Badiane Rouge Minimal,https://www.lepetitvapoteur.com/fr/minimal/5030-e-liquide-badiane-rouge-minimal.html,https://www.lepetitvapoteur.com/47709-large/e-liquide-badiane-rouge-minimal.jpg?v=111
Raisin Minimal,https://www.lepetitvapoteur.com/fr/minimal/5031-e-liquide-raisin-minimal.html,https://www.lepetitvapoteur.com/47710-large/e-liquide-raisin-minimal.jpg?v=111
Salade de fruits Minimal,https://www.lepetitvapoteur.com/fr/minimal/5034-e-liquide-salade-de-fruits-minimal.html,https://www.lepetitvapoteur.com/47713-large/e-liquide-salade-de-fruits-minimal.jpg?v=111
Clone 50 ml Swoke,https://www.lepetitvapoteur.com/fr/swoke/5081-clone-50-ml-swoke.html,https://www.lepetitvapoteur.com/20684-large/clone-50-ml-swoke.jpg?v=111
Green Flash Vaporigins 80 ml,https://www.lepetitvapoteur.com/fr/e-liquide-vaporigins/5093-e-liquide-green-flash-vaporigins-80-ml.html,https://www.lepetitvapoteur.com/46082-large/e-liquide-green-flash-vaporigins-80-ml.jpg?v=111
Watermelon Fresh and Sweet 50 ml,https://www.lepetitvapoteur.com/fr/fresh-and-sweet/5105-e-liquide-watermelon-fresh-and-sweet-50-ml.html,https://www.lepetitvapoteur.com/20864-large/e-liquide-watermelon-fresh-and-sweet-50-ml.jpg?v=111
Exotic Fresh and Sweet 50 ml,https://www.lepetitvapoteur.com/fr/fresh-and-sweet/5106-e-liquide-exotic-fresh-and-sweet-50-ml.html,https://www.lepetitvapoteur.com/20865-large/e-liquide-exotic-fresh-and-sweet-50-ml.jpg?v=111
Pineapple Fresh and Sweet 50 ml,https://www.lepetitvapoteur.com/fr/fresh-and-sweet/5107-e-liquide-pineapple-fresh-and-sweet-50-ml.html,https://www.lepetitvapoteur.com/20866-large/e-liquide-pineapple-fresh-and-sweet-50-ml.jpg?v=111
Mango Fresh and Sweet 50 ml,https://www.lepetitvapoteur.com/fr/fresh-and-sweet/5108-e-liquide-mango-fresh-and-sweet-50-ml.html,https://www.lepetitvapoteur.com/20867-large/e-liquide-mango-fresh-and-sweet-50-ml.jpg?v=111
Cassis Frais CirKus 50 ml,https://www.lepetitvapoteur.com/fr/cirkus/5125-e-liquide-cassis-frais-50-ml-cirkus.html,https://www.lepetitvapoteur.com/40070-large/e-liquide-cassis-frais-50-ml-cirkus.jpg?v=111
Absinthe Rouge CirKus 50 ml,https://www.lepetitvapoteur.com/fr/cirkus/5126-e-liquide-absinthe-rouge-50-ml-cirkus.html,https://www.lepetitvapoteur.com/40071-large/e-liquide-absinthe-rouge-50-ml-cirkus.jpg?v=111
Pastèque Mix CirKus 50 ml,https://www.lepetitvapoteur.com/fr/cirkus/5127-e-liquide-pasteque-mix-50-ml-cirkus.html,https://www.lepetitvapoteur.com/40072-large/e-liquide-pasteque-mix-50-ml-cirkus.jpg?v=111
Mangue Framboise CirKus 50 ml,https://www.lepetitvapoteur.com/fr/cirkus/5128-e-liquide-mangue-framboise-mix-50-ml-cirkus.html,https://www.lepetitvapoteur.com/40073-large/e-liquide-mangue-framboise-mix-50-ml-cirkus.jpg?v=111
Tropic'man Sense Insolite,https://www.lepetitvapoteur.com/fr/e-liquide-sense-insolite/5133-e-liquide-tropic-man-sense-insolite.html,https://www.lepetitvapoteur.com/47537-large/e-liquide-tropic-man-sense-insolite.jpg?v=111
Röd Frukt 50 ml,https://www.lepetitvapoteur.com/fr/frukt/5137-e-liquide-rod-frukt-50-ml.html,https://www.lepetitvapoteur.com/20970-large/e-liquide-rod-frukt-50-ml.jpg?v=111
Gül Frukt 50 ml,https://www.lepetitvapoteur.com/fr/frukt/5139-e-liquide-gul-frukt-50-ml.html,https://www.lepetitvapoteur.com/20972-large/e-liquide-gul-frukt-50-ml.jpg?v=111
Blackberry Fresh and Sweet 50 ml,https://www.lepetitvapoteur.com/fr/fresh-and-sweet/5140-e-liquide-blackberry-fresh-and-sweet-50-ml.html,https://www.lepetitvapoteur.com/20868-large/e-liquide-blackberry-fresh-and-sweet-50-ml.jpg?v=111
Vegetol Cloud Pomme,https://www.lepetitvapoteur.com/fr/vegetol/5169-e-liquide-vegetol-pomme-verte.html,https://www.lepetitvapoteur.com/25718-large/e-liquide-vegetol-pomme-verte.jpg?v=111
Carnage Vape Institut 50 ml,https://www.lepetitvapoteur.com/fr/e-liquide-vape-institut/5195-e-liquide-carnage-vape-institut-50-ml.html,https://www.lepetitvapoteur.com/42609-large/e-liquide-carnage-vape-institut-50-ml.jpg?v=111
Guaporé Amazone 50 ml,https://www.lepetitvapoteur.com/fr/e-liquide-amazone/5218-e-liquide-guapore-amazone-50-ml.html,https://www.lepetitvapoteur.com/44619-large/e-liquide-guapore-amazone-50-ml.jpg?v=111
Mantaro Amazone 50 ml,https://www.lepetitvapoteur.com/fr/e-liquide-amazone/5226-e-liquide-mantaro-amazone-50-ml.html,https://www.lepetitvapoteur.com/44620-large/e-liquide-mantaro-amazone-50-ml.jpg?v=111
Japura Amazone 50 ml,https://www.lepetitvapoteur.com/fr/e-liquide-amazone/5227-e-liquide-japura-amazone-50-ml.html,https://www.lepetitvapoteur.com/44621-large/e-liquide-japura-amazone-50-ml.jpg?v=111
PULP Le Citron Fizz,https://www.lepetitvapoteur.com/fr/pulp/5233-pulp-le-citron-fizz.html,https://www.lepetitvapoteur.com/47866-large/pulp-le-citron-fizz.jpg?v=111
PULP La fraise sauvage,https://www.lepetitvapoteur.com/fr/pulp/5234-pulp-la-fraise-sauvage.html,https://www.lepetitvapoteur.com/47867-large/pulp-la-fraise-sauvage.jpg?v=111
PULP Granité de melon,https://www.lepetitvapoteur.com/fr/pulp/5236-pulp-granite-de-melon.html,https://www.lepetitvapoteur.com/47869-large/pulp-granite-de-melon.jpg?v=111
Sweet Strawberry 50 ml Candy Shop,https://www.lepetitvapoteur.com/fr/candy-shop/5251-e-liquide-sweet-strawberry-50-ml-candy-shop.html,https://www.lepetitvapoteur.com/21309-large/e-liquide-sweet-strawberry-50-ml-candy-shop.jpg?v=111
Tropical Chill Pulp Frost 50 ml,https://www.lepetitvapoteur.com/fr/pulp-frost/5299-e-liquide-tropical-chill-frost-and-furious-50-ml.html,https://www.lepetitvapoteur.com/39055-large/e-liquide-tropical-chill-frost-and-furious-50-ml.jpg?v=111
Blue Granite Pulp Frost 50 ml,https://www.lepetitvapoteur.com/fr/pulp-frost/5302-e-liquide-blue-granite-frost-and-furious-50-ml.html,https://www.lepetitvapoteur.com/39057-large/e-liquide-blue-granite-frost-and-furious-50-ml.jpg?v=111
Red Velvet Flavor Hit,https://www.lepetitvapoteur.com/fr/flavor-hit/5386-e-liquide-red-velvet-flavor-hit.html,https://www.lepetitvapoteur.com/47578-large/e-liquide-red-velvet-flavor-hit.jpg?v=111
Pixel Swoke 50 ml,https://www.lepetitvapoteur.com/fr/swoke/5406-e-liquide-pixel-50-ml-swoke.html,https://www.lepetitvapoteur.com/21895-large/e-liquide-pixel-50-ml-swoke.jpg?v=111
Ultron Furiosa Eggz 50 ml,https://www.lepetitvapoteur.com/fr/furiosa/5474-eliquide-ultron-eggz-par-furiosa.html,https://www.lepetitvapoteur.com/22059-large/eliquide-ultron-eggz-par-furiosa.jpg?v=111
Aserah Vape Institut 50 ml,https://www.lepetitvapoteur.com/fr/e-liquide-vape-institut/5476-e-liquide-aserah-vape-institut-50-ml.html,https://www.lepetitvapoteur.com/22044-large/e-liquide-aserah-vape-institut-50-ml.jpg?v=111
Carnage Vape Institut 100 ml,https://www.lepetitvapoteur.com/fr/e-liquide-vape-institut/5477-e-liquide-carnage-vape-institut-100-ml.html,https://www.lepetitvapoteur.com/42606-large/e-liquide-carnage-vape-institut-100-ml.jpg?v=111
Saturn Galaxy Vaporigins 50 ml,https://www.lepetitvapoteur.com/fr/e-liquide-vaporigins/5541-e-liquide-saturn-galaxy-vaporigins-50-ml.html,https://www.lepetitvapoteur.com/22217-large/e-liquide-saturn-galaxy-vaporigins-50-ml.jpg?v=111
Mûre myrtille Tasty Collection 50 ml,https://www.lepetitvapoteur.com/fr/tasty-collection/5596-e-liquide-mure-myrtille-tasty-collection-50-ml.html,https://www.lepetitvapoteur.com/22413-large/e-liquide-mure-myrtille-tasty-collection-50-ml.jpg?v=111
Pomme Framboise Tasty Collection 50 ml,https://www.lepetitvapoteur.com/fr/tasty-collection/5597-e-liquide-pomme-framboise-tasty-collection-50-ml.html,https://www.lepetitvapoteur.com/22414-large/e-liquide-pomme-framboise-tasty-collection-50-ml.jpg?v=111
Souffle du Dragon Salt E-Vapor,https://www.lepetitvapoteur.com/fr/e-liquide-salt-e-vapor/5618-e-liquide-souffle-du-dragon-salt-e-vapor.html,https://www.lepetitvapoteur.com/47928-large/e-liquide-souffle-du-dragon-salt-e-vapor.jpg?v=111
Cassiopée Astrale Curieux,https://www.lepetitvapoteur.com/fr/curieux/5632-e-liquide-cassiopee-curieux-edition-astrale-10-ml.html,https://www.lepetitvapoteur.com/22718-large/e-liquide-cassiopee-curieux-edition-astrale-10-ml.jpg?v=111
Licorne Astrale Curieux,https://www.lepetitvapoteur.com/fr/curieux/5635-e-liquide-licorne-curieux-edition-astrale-10-ml.html,https://www.lepetitvapoteur.com/22721-large/e-liquide-licorne-curieux-edition-astrale-10-ml.jpg?v=111
Galatée Astrale Curieux,https://www.lepetitvapoteur.com/fr/curieux/5636-e-liquide-galatee-curieux-edition-astrale-10-ml.html,https://www.lepetitvapoteur.com/22722-large/e-liquide-galatee-curieux-edition-astrale-10-ml.jpg?v=111
Earl Grey Tea Curieux,https://www.lepetitvapoteur.com/fr/curieux/5692-e-liquide-earl-grey-curieux.html,https://www.lepetitvapoteur.com/23046-large/e-liquide-earl-grey-curieux.jpg?v=111
Pêche Melba Dessert Curieux 50 ml,https://www.lepetitvapoteur.com/fr/curieux/5729-e-liquide-peche-melba-50-ml.html,https://www.lepetitvapoteur.com/41336-large/e-liquide-peche-melba-50-ml.jpg?v=111
Banane vanille Salty avec sels de nicotine,https://www.lepetitvapoteur.com/fr/salty/5771-e-liquide-banane-vanille-salty.html,https://www.lepetitvapoteur.com/47986-large/e-liquide-banane-vanille-salty.jpg?v=111
Baies rouges Salty avec sels de nicotine,https://www.lepetitvapoteur.com/fr/salty/5779-e-liquide-baies-rouges-salty.html,https://www.lepetitvapoteur.com/47990-large/e-liquide-baies-rouges-salty.jpg?v=111
Et Voilà Olala Vape 50 ml,https://www.lepetitvapoteur.com/fr/e-liquide-olala-vape/5799-e-liquide-et-voila-olala-vape-50-ml.html,https://www.lepetitvapoteur.com/31045-large/e-liquide-et-voila-olala-vape-50-ml.jpg?v=111
Cactus Dictator 50 ml,https://www.lepetitvapoteur.com/fr/e-liquide-dictator/5802-e-liquide-cactus-dictator-50-ml.html,https://www.lepetitvapoteur.com/22818-large/e-liquide-cactus-dictator-50-ml.jpg?v=111
Clone Swoke,https://www.lepetitvapoteur.com/fr/swoke/5806-e-liquide-clone-swoke.html,https://www.lepetitvapoteur.com/48186-large/e-liquide-clone-swoke.jpg?v=111
Pack Fruité 50 ml,https://www.lepetitvapoteur.com/fr/selection/5954-pack-fruite-50-ml.html,https://www.lepetitvapoteur.com/41351-large/pack-fruite-50-ml.jpg?v=111
Strumf Frukt,https://www.lepetitvapoteur.com/fr/frukt/5963-e-liquide-strumf-frukt.html,https://www.lepetitvapoteur.com/47991-large/e-liquide-strumf-frukt.jpg?v=111
Dragon Clouds Furiosa 40 ml,https://www.lepetitvapoteur.com/fr/furiosa/6092-e-liquide-dragon-clouds-furiosa-40-ml.html,https://www.lepetitvapoteur.com/23505-large/e-liquide-dragon-clouds-furiosa-40-ml.jpg?v=111
Aloe Vera Aisu Zap Juice aux sels de...,https://www.lepetitvapoteur.com/fr/aisu/6107-aloe-vera-aisu-zap-juice-aux-sels-de-nicotine.html,https://www.lepetitvapoteur.com/47643-large/aloe-vera-aisu-zap-juice-aux-sels-de-nicotine.jpg?v=111
Aisu Cucumber Zap Juice aux sels de nicotine,https://www.lepetitvapoteur.com/fr/aisu/6109-aisu-cucumber-zap-juice-aux-sels-de-nicotine.html,https://www.lepetitvapoteur.com/47644-large/aisu-cucumber-zap-juice-aux-sels-de-nicotine.jpg?v=111
Aisu Dragon Fruit Zap Juice aux sels de...,https://www.lepetitvapoteur.com/fr/aisu/6110-aisu-dragon-fruit-zap-juice-aux-sels-de-nicotine.html,https://www.lepetitvapoteur.com/47645-large/aisu-dragon-fruit-zap-juice-aux-sels-de-nicotine.jpg?v=111
Aisu Pink Guava Zap Juice aux sels de...,https://www.lepetitvapoteur.com/fr/aisu/6111-aisu-goyave-rose-zap-juice-aux-sels-de-nicotine.html,https://www.lepetitvapoteur.com/47646-large/aisu-goyave-rose-zap-juice-aux-sels-de-nicotine.jpg?v=111
Licorne Astrale Curieux 50 ml,https://www.lepetitvapoteur.com/fr/curieux/6112-e-liquide-licorne-curieux-50-ml.html,https://www.lepetitvapoteur.com/23545-large/e-liquide-licorne-curieux-50-ml.jpg?v=111
Aisu Blue Raspberry Zap Juice aux sels de...,https://www.lepetitvapoteur.com/fr/aisu/6113-aisu-blue-raspberry-zap-juice-aux-sels-de-nicotine.html,https://www.lepetitvapoteur.com/47647-large/aisu-blue-raspberry-zap-juice-aux-sels-de-nicotine.jpg?v=111
Lychee Lemonade Zap Juice,https://www.lepetitvapoteur.com/fr/e-liquide-zap-juice/6114-lychee-lemonade-zap-juice.html,https://www.lepetitvapoteur.com/47648-large/lychee-lemonade-zap-juice.jpg?v=111
Melonade Zap Juice,https://www.lepetitvapoteur.com/fr/e-liquide-zap-juice/6115-melonade-zap-juice-aux-sels-de-nicotine.html,https://www.lepetitvapoteur.com/47649-large/melonade-zap-juice-aux-sels-de-nicotine.jpg?v=111
Peach Ice Tea Zap Juice,https://www.lepetitvapoteur.com/fr/e-liquide-zap-juice/6116-e-liquide-peach-ice-tea-zap-juice.html,https://www.lepetitvapoteur.com/47650-large/e-liquide-peach-ice-tea-zap-juice.jpg?v=111
Tropic Ice aux sels de nicotine,https://www.lepetitvapoteur.com/fr/le-petit-vapoteur/6164-e-liquide-tropic-ice-le-petit-vapoteur.html,https://www.lepetitvapoteur.com/46640-large/e-liquide-tropic-ice-le-petit-vapoteur.jpg?v=111
Bathilde 814 50 ml,https://www.lepetitvapoteur.com/fr/814/6172-e-liquide-bathilde-814-50-ml.html,https://www.lepetitvapoteur.com/41607-large/e-liquide-bathilde-814-50-ml.jpg?v=111
Rising Sun Esalt Fruizee aux sels de...,https://www.lepetitvapoteur.com/fr/fruizee/6201-e-liquide-rising-sun-esalt-fruizee.html,https://www.lepetitvapoteur.com/47688-large/e-liquide-rising-sun-esalt-fruizee.jpg?v=111
Bloody Summer Esalt Fruizee aux sels de...,https://www.lepetitvapoteur.com/fr/fruizee/6202-e-liquide-bloody-summer-esalt-fruizee.html,https://www.lepetitvapoteur.com/47689-large/e-liquide-bloody-summer-esalt-fruizee.jpg?v=111
Tropical Melon Madness Slushy,https://www.lepetitvapoteur.com/fr/e-liquide-slushy/6309-e-liquide-tropical-melon-madness-slushy.html,https://www.lepetitvapoteur.com/47727-large/e-liquide-tropical-melon-madness-slushy.jpg?v=111
Reishi Kung Fruits 50 ml,https://www.lepetitvapoteur.com/fr/kung-fruits/6317-e-liquide-reishi-kung-fruits-50-ml.html,https://www.lepetitvapoteur.com/43467-large/e-liquide-reishi-kung-fruits-50-ml.jpg?v=111
Meron Kung Fruits 50 ml,https://www.lepetitvapoteur.com/fr/kung-fruits/6320-e-liquide-meron-kung-fruits-50-ml.html,https://www.lepetitvapoteur.com/40230-large/e-liquide-meron-kung-fruits-50-ml.jpg?v=111
Mango Kung Fruits 50 ml,https://www.lepetitvapoteur.com/fr/kung-fruits/6322-e-liquide-mango-kung-fruits-50-ml.html,https://www.lepetitvapoteur.com/43468-large/e-liquide-mango-kung-fruits-50-ml.jpg?v=111
Suika Kung Fruits 50 ml,https://www.lepetitvapoteur.com/fr/kung-fruits/6323-e-liquide-suika-kung-fruits-50-ml.html,https://www.lepetitvapoteur.com/43469-large/e-liquide-suika-kung-fruits-50-ml.jpg?v=111
Strawberry Macaroon Dinner Lady 50 ml,https://www.lepetitvapoteur.com/fr/dinner-lady/6331-e-liquide-strawberry-macaroon-50ml-dinner-lady.html,https://www.lepetitvapoteur.com/31542-large/e-liquide-strawberry-macaroon-50ml-dinner-lady.jpg?v=111
Cactus Goyave 1900 Curieux 50 ml,https://www.lepetitvapoteur.com/fr/curieux/6345-e-liquide-cactus-goyave-curieux-50-ml.html,https://www.lepetitvapoteur.com/24529-large/e-liquide-cactus-goyave-curieux-50-ml.jpg?v=111
Cerise Groseille 1900 Curieux 50 ml,https://www.lepetitvapoteur.com/fr/curieux/6359-e-liquide-cerise-groseille-curieux-50-ml.html,https://www.lepetitvapoteur.com/24530-large/e-liquide-cerise-groseille-curieux-50-ml.jpg?v=111
Citron Limette 1900 Curieux 50 ml,https://www.lepetitvapoteur.com/fr/curieux/6360-citron-limette-1900-curieux-50-ml.html,https://www.lepetitvapoteur.com/24531-large/citron-limette-1900-curieux-50-ml.jpg?v=111
Fraise Grenade 1900 Curieux 50 ml,https://www.lepetitvapoteur.com/fr/curieux/6361-e-liquide-fraise-grenade-curieux-50-ml.html,https://www.lepetitvapoteur.com/24528-large/e-liquide-fraise-grenade-curieux-50-ml.jpg?v=111
Pêche Melba Dessert Curieux,https://www.lepetitvapoteur.com/fr/curieux/6379-e-liquide-peche-melba-dessert-curieux.html,https://www.lepetitvapoteur.com/41315-large/e-liquide-peche-melba-dessert-curieux.jpg?v=111
Fraise Symphonie Le Coq Qui Vape 50 ml,https://www.lepetitvapoteur.com/fr/le-coq-qui-vape/6403-e-liquide-fraise-symphonie-le-coq-qui-vape-50-ml.html,https://www.lepetitvapoteur.com/24149-large/e-liquide-fraise-symphonie-le-coq-qui-vape-50-ml.jpg?v=111
Gaufrette Framboise Le Coq Qui Vape 50 ml,https://www.lepetitvapoteur.com/fr/le-coq-qui-vape/6404-e-liquide-gaufrette-framboise-le-coq-qui-vape-50-ml.html,https://www.lepetitvapoteur.com/24148-large/e-liquide-gaufrette-framboise-le-coq-qui-vape-50-ml.jpg?v=111
Red Juice NKV 50 ml,https://www.lepetitvapoteur.com/fr/pipeline-liquids/6445-e-liquide-nkv-red-juice-50-ml.html,https://www.lepetitvapoteur.com/34444-large/e-liquide-nkv-red-juice-50-ml.jpg?v=111
Fraise Gariguette Sense,https://www.lepetitvapoteur.com/fr/sense/6449-e-liquide-fraise-gariguette-sense.html,https://www.lepetitvapoteur.com/47520-large/e-liquide-fraise-gariguette-sense.jpg?v=111
Mûre Framboise Sense,https://www.lepetitvapoteur.com/fr/sense/6450-e-liquide-mure-framboise-sense.html,https://www.lepetitvapoteur.com/47521-large/e-liquide-mure-framboise-sense.jpg?v=111
Licorne Astrale Curieux aux sels de nicotine,https://www.lepetitvapoteur.com/fr/curieux/6451-e-liquide-licorne-curieux-aux-sels-de-nicotine.html,https://www.lepetitvapoteur.com/24210-large/e-liquide-licorne-curieux-aux-sels-de-nicotine.jpg?v=111
Baba Au Rhum Dessert Curieux,https://www.lepetitvapoteur.com/fr/curieux/6462-e-liquide-baba-au-rhum-dessert-curieux.html,https://www.lepetitvapoteur.com/41318-large/e-liquide-baba-au-rhum-dessert-curieux.jpg?v=111
Tarte Tatin Dessert Curieux,https://www.lepetitvapoteur.com/fr/curieux/6463-e-liquide-tarte-tatin-dessert-curieux.html,https://www.lepetitvapoteur.com/41317-large/e-liquide-tarte-tatin-dessert-curieux.jpg?v=111
Big Blue ioNic aux sels de nicotine...,https://www.lepetitvapoteur.com/fr/ionic/6465-e-liquide-big-blue-ionic-aux-sels-de-nicotine.html,https://www.lepetitvapoteur.com/48086-large/e-liquide-big-blue-ionic-aux-sels-de-nicotine.jpg?v=111
Heisenberg Sels de Nicotine,https://www.lepetitvapoteur.com/fr/e-liquide-vampire-vape/6476-e-liquide-heisenberg-sels-de-nicotine.html,https://www.lepetitvapoteur.com/24305-large/e-liquide-heisenberg-sels-de-nicotine.jpg?v=111
Pinkman Sels de Nicotine,https://www.lepetitvapoteur.com/fr/e-liquide-vampire-vape/6480-e-liquide-pinkman-sels-de-nicotine.html,https://www.lepetitvapoteur.com/24306-large/e-liquide-pinkman-sels-de-nicotine.jpg?v=111
Doom ioNic aux sels de nicotine (Furiosa),https://www.lepetitvapoteur.com/fr/ionic/6488-e-liquide-doom-ionic-aux-sels-de-nicotine-vaporigins.html,https://www.lepetitvapoteur.com/48087-large/e-liquide-doom-ionic-aux-sels-de-nicotine-vaporigins.jpg?v=111
Hakuna Iced Twelve Monkeys 50 ml,https://www.lepetitvapoteur.com/fr/twelve-monkey-vapor-co/6512-hakuna-iced-twelve-monkeys-50-ml.html,https://www.lepetitvapoteur.com/24345-large/hakuna-iced-twelve-monkeys-50-ml.jpg?v=111
Matata Iced Twelve Monkeys 50 ml,https://www.lepetitvapoteur.com/fr/twelve-monkey-vapor-co/6513-matata-iced-twelve-monkeys-50-ml.html,https://www.lepetitvapoteur.com/24346-large/matata-iced-twelve-monkeys-50-ml.jpg?v=111
Pomme Granny Sense,https://www.lepetitvapoteur.com/fr/sense/6517-pomme-granny-sense.html,https://www.lepetitvapoteur.com/47522-large/pomme-granny-sense.jpg?v=111
Verveine Zestée Sense,https://www.lepetitvapoteur.com/fr/sense/6518-verveine-zestee-sense.html,https://www.lepetitvapoteur.com/47523-large/verveine-zestee-sense.jpg?v=111
Mangue Ananas Sense,https://www.lepetitvapoteur.com/fr/sense/6520-e-liquide-mangue-ananas-sense.html,https://www.lepetitvapoteur.com/47524-large/e-liquide-mangue-ananas-sense.jpg?v=111
Pêche Nectarine Sense,https://www.lepetitvapoteur.com/fr/sense/6521-e-liquide-peche-nectarine-sense.html,https://www.lepetitvapoteur.com/47525-large/e-liquide-peche-nectarine-sense.jpg?v=111
Grenade Orange Sanguine Sense,https://www.lepetitvapoteur.com/fr/sense/6526-e-liquide-grenade-orange-sanguine-sense.html,https://www.lepetitvapoteur.com/47526-large/e-liquide-grenade-orange-sanguine-sense.jpg?v=111
Manga Swoke 50 ml,https://www.lepetitvapoteur.com/fr/swoke/6538-e-liquide-manga-swoke-50-ml.html,https://www.lepetitvapoteur.com/24432-large/e-liquide-manga-swoke-50-ml.jpg?v=111
Grenadine Minimal,https://www.lepetitvapoteur.com/fr/minimal/6567-e-liquide-grenadine-minimal.html,https://www.lepetitvapoteur.com/47729-large/e-liquide-grenadine-minimal.jpg?v=111
Bonbon Minimal,https://www.lepetitvapoteur.com/fr/minimal/6568-e-liquide-bonbon-minimal.html,https://www.lepetitvapoteur.com/47730-large/e-liquide-bonbon-minimal.jpg?v=111
Fruits Frais Minimal,https://www.lepetitvapoteur.com/fr/minimal/6571-e-liquide-fruits-frais-minimal.html,https://www.lepetitvapoteur.com/47732-large/e-liquide-fruits-frais-minimal.jpg?v=111
Lemon Tart Dinner Lady aux sels de nicotine,https://www.lepetitvapoteur.com/fr/dinner-lady/6612-e-liquide-lemon-tart-dinner-lady-aux-sels-de-nicotine.html,https://www.lepetitvapoteur.com/48152-large/e-liquide-lemon-tart-dinner-lady-aux-sels-de-nicotine.jpg?v=111
Tarte Au Citron Beurk Research 50 ml,https://www.lepetitvapoteur.com/fr/beurk-research/6659-e-liquide-tarte-au-citron-beurk-research-40-ml.html,https://www.lepetitvapoteur.com/44871-large/e-liquide-tarte-au-citron-beurk-research-40-ml.jpg?v=111
Tarte De La Montagne Beurk Research 50 ml,https://www.lepetitvapoteur.com/fr/beurk-research/6660-e-liquide-tarte-de-la-montagne-beurk-research-40-ml.html,https://www.lepetitvapoteur.com/43613-large/e-liquide-tarte-de-la-montagne-beurk-research-40-ml.jpg?v=111
Decano 50ml,https://www.lepetitvapoteur.com/fr/eliquid-france/6665-e-liquide-decano-eliquid-france-50-ml.html,https://www.lepetitvapoteur.com/24742-large/e-liquide-decano-eliquid-france-50-ml.jpg?v=111
Fraise Menthe CirKus,https://www.lepetitvapoteur.com/fr/cirkus/6670-e-liquide-fraise-menthe-cirkus.html,https://www.lepetitvapoteur.com/47801-large/e-liquide-fraise-menthe-cirkus.jpg?v=111
Red Astaire Tjuice aux sels de nicotine,https://www.lepetitvapoteur.com/fr/t-juice/6682-e-liquide-red-astaire-tjuice-aux-sels-de-nicotine.html,https://www.lepetitvapoteur.com/34482-large/e-liquide-red-astaire-tjuice-aux-sels-de-nicotine.jpg?v=111
Glace Bleue Ever Vape,https://www.lepetitvapoteur.com/fr/e-liquide-ever-vape/6692-e-liquide-glace-bleue-ever-vape.html,https://www.lepetitvapoteur.com/48088-large/e-liquide-glace-bleue-ever-vape.jpg?v=111
Red Devil Avap,https://www.lepetitvapoteur.com/fr/avap/6700-e-liquide-red-devil-avap.html,https://www.lepetitvapoteur.com/47745-large/e-liquide-red-devil-avap.jpg?v=111
Red Devil Avap 50 ml,https://www.lepetitvapoteur.com/fr/avap/6703-red-devil-avap-50-ml.html,https://www.lepetitvapoteur.com/24879-large/red-devil-avap-50-ml.jpg?v=111
Sunset Lover King Size Fruizee,https://www.lepetitvapoteur.com/fr/fruizee/6721-e-liquide-sunset-lover-king-size-fruizee.html,https://www.lepetitvapoteur.com/24954-large/e-liquide-sunset-lover-king-size-fruizee.jpg?v=111
Purple Beach King Size Fruizee,https://www.lepetitvapoteur.com/fr/fruizee/6722-e-liquide-purple-beach-king-size-fruizee.html,https://www.lepetitvapoteur.com/24955-large/e-liquide-purple-beach-king-size-fruizee.jpg?v=111
Fire Moon King Size Fruizee,https://www.lepetitvapoteur.com/fr/fruizee/6724-e-liquide-fire-moon-king-size-fruizee.html,https://www.lepetitvapoteur.com/24956-large/e-liquide-fire-moon-king-size-fruizee.jpg?v=111
Sunset Lover Fruizee,https://www.lepetitvapoteur.com/fr/fruizee/6725-e-liquide-sunset-lover-fruizee.html,https://www.lepetitvapoteur.com/47690-large/e-liquide-sunset-lover-fruizee.jpg?v=111
Fire Moon Fruizee,https://www.lepetitvapoteur.com/fr/fruizee/6727-e-liquide-fire-moon-fruizee.html,https://www.lepetitvapoteur.com/47691-large/e-liquide-fire-moon-fruizee.jpg?v=111
Tropika Iced Twelve Monkeys 50 ml,https://www.lepetitvapoteur.com/fr/twelve-monkey-vapor-co/6741-e-liquide-tropika-iced-twelve-monkeys-50-ml.html,https://www.lepetitvapoteur.com/24952-large/e-liquide-tropika-iced-twelve-monkeys-50-ml.jpg?v=111
Pack Découverte Sels De Nicotine LPV,https://www.lepetitvapoteur.com/fr/le-petit-vapoteur/6750-pack-decouverte-sels-de-nicotine-le-petit-vapoteur.html,https://www.lepetitvapoteur.com/46699-large/pack-decouverte-sels-de-nicotine-le-petit-vapoteur.jpg?v=111
Berry Blast Dinner Lady 50 ml,https://www.lepetitvapoteur.com/fr/dinner-lady/6764-e-liquide-berry-blast-50-ml-dinner-lady.html,https://www.lepetitvapoteur.com/30996-large/e-liquide-berry-blast-50-ml-dinner-lady.jpg?v=111
Kero Zen Solana 50 ml,https://www.lepetitvapoteur.com/fr/solana/6786-e-liquide-kero-zen-solana-50-ml.html,https://www.lepetitvapoteur.com/26787-large/e-liquide-kero-zen-solana-50-ml.jpg?v=111
La Potion Terrible Cloud 50 ml,https://www.lepetitvapoteur.com/fr/e-liquide-terrible-cloud/6790-e-liquide-la-marmite-de-potion-terrible-cloud-50-ml.html,https://www.lepetitvapoteur.com/47335-large/e-liquide-la-marmite-de-potion-terrible-cloud-50-ml.jpg?v=111
L'Attrape Rêve Terrible Cloud 50 ml,https://www.lepetitvapoteur.com/fr/e-liquide-terrible-cloud/6796-e-liquide-la-marmite-d-attrape-reve-terrible-cloud-50-ml.html,https://www.lepetitvapoteur.com/47337-large/e-liquide-la-marmite-d-attrape-reve-terrible-cloud-50-ml.jpg?v=111
Cobra Furiosa Eggz 50 ml,https://www.lepetitvapoteur.com/fr/furiosa/6829-e-liquide-cobra-eggz-furiosa.html,https://www.lepetitvapoteur.com/25294-large/e-liquide-cobra-eggz-furiosa.jpg?v=111
Dark Full Moon 50 ml,https://www.lepetitvapoteur.com/fr/e-liquide-full-moon/6836-e-liquide-dark-full-moon-50-ml.html,https://www.lepetitvapoteur.com/25248-large/e-liquide-dark-full-moon-50-ml.jpg?v=111
Blue Devil Avap 50 ml,https://www.lepetitvapoteur.com/fr/avap/6871-blue-devil-avap-50-ml.html,https://www.lepetitvapoteur.com/25367-large/blue-devil-avap-50-ml.jpg?v=111
Green Devil Avap 50 ml,https://www.lepetitvapoteur.com/fr/avap/6872-e-liquide-green-devil-avap-50-ml.html,https://www.lepetitvapoteur.com/25366-large/e-liquide-green-devil-avap-50-ml.jpg?v=111
Machado Amazone 50 ml,https://www.lepetitvapoteur.com/fr/e-liquide-amazone/6874-e-liquide-machado-amazone-50-ml.html,https://www.lepetitvapoteur.com/44622-large/e-liquide-machado-amazone-50-ml.jpg?v=111
Lychee Lemonade Zap Juice 50 ml,https://www.lepetitvapoteur.com/fr/e-liquide-zap-juice/6886-e-liquide-lychee-lemonade-zap-juice-50-ml.html,https://www.lepetitvapoteur.com/25411-large/e-liquide-lychee-lemonade-zap-juice-50-ml.jpg?v=111
Guana Mama Hyster-X,https://www.lepetitvapoteur.com/fr/hyster-x/6911-e-liquide-guana-mama-hyster-x.html,https://www.lepetitvapoteur.com/47992-large/e-liquide-guana-mama-hyster-x.jpg?v=111
Pink Lips Hyster-X,https://www.lepetitvapoteur.com/fr/hyster-x/6915-e-liquide-pink-lips-hyster-x.html,https://www.lepetitvapoteur.com/47994-large/e-liquide-pink-lips-hyster-x.jpg?v=111
Peps'Tea Hyster-X,https://www.lepetitvapoteur.com/fr/hyster-x/6917-e-liquide-peps-tea-hyster-x.html,https://www.lepetitvapoteur.com/47995-large/e-liquide-peps-tea-hyster-x.jpg?v=111
Bad Mood Hyster-X,https://www.lepetitvapoteur.com/fr/hyster-x/6919-e-liquide-bad-mood-hyster-x.html,https://www.lepetitvapoteur.com/47996-large/e-liquide-bad-mood-hyster-x.jpg?v=111
Framboise Litchi CirKus,https://www.lepetitvapoteur.com/fr/cirkus/6932-e-liquide-framboise-litchi-cirkus.html,https://www.lepetitvapoteur.com/47802-large/e-liquide-framboise-litchi-cirkus.jpg?v=111
Pandora Swoke 50 ml,https://www.lepetitvapoteur.com/fr/swoke/6937-e-liquide-pandora-swoke-50-ml.html,https://www.lepetitvapoteur.com/25581-large/e-liquide-pandora-swoke-50-ml.jpg?v=111
Ragnarok Ultimate,https://www.lepetitvapoteur.com/fr/ultimate/6950-e-liquide-ragnarok-ultimate.html,https://www.lepetitvapoteur.com/47508-large/e-liquide-ragnarok-ultimate.jpg?v=111
Oni Ultimate,https://www.lepetitvapoteur.com/fr/ultimate/6951-e-liquide-oni-ultimate.html,https://www.lepetitvapoteur.com/47509-large/e-liquide-oni-ultimate.jpg?v=111
ENFER Original 50 ml,https://www.lepetitvapoteur.com/fr/enfer-/6957-e-liquide-enfer-50-ml.html,https://www.lepetitvapoteur.com/44725-large/e-liquide-enfer-50-ml.jpg?v=111
Licorne Astrale Curieux 50 ml au Végétol,https://www.lepetitvapoteur.com/fr/curieux/6989-e-liquide-licorne-curieux-50-ml-au-vegetol.html,https://www.lepetitvapoteur.com/25796-large/e-liquide-licorne-curieux-50-ml-au-vegetol.jpg?v=111
Cassiopée Astrale Curieux 50 ml,https://www.lepetitvapoteur.com/fr/curieux/6998-e-liquide-cassiopee-curieux-50-ml.html,https://www.lepetitvapoteur.com/25797-large/e-liquide-cassiopee-curieux-50-ml.jpg?v=111
Alfaliquid Berry Kiss - 50/50,https://www.lepetitvapoteur.com/fr/alfaliquid/7006-e-liquide-berry-kiss-cool-n-fruit.html,https://www.lepetitvapoteur.com/44101-large/e-liquide-berry-kiss-cool-n-fruit.jpg?v=111
Alfaliquid Lady Pimiko - 50/50,https://www.lepetitvapoteur.com/fr/alfaliquid/7008-e-liquide-lady-pimiko-cool-n-fruit.html,https://www.lepetitvapoteur.com/44104-large/e-liquide-lady-pimiko-cool-n-fruit.jpg?v=111
Frozen Bübü Saiyen Vapors 50 ml,https://www.lepetitvapoteur.com/fr/e-liquide-saiyen-vapors/7046-e-liquide-frozen-bubu-saiyen-vapors-50-ml.html,https://www.lepetitvapoteur.com/25856-large/e-liquide-frozen-bubu-saiyen-vapors-50-ml.jpg?v=111
Frozen Breezer Saiyen Vapors 50 ml,https://www.lepetitvapoteur.com/fr/e-liquide-saiyen-vapors/7047-e-liquide-frozen-breezer-saiyen-vapors-50-ml.html,https://www.lepetitvapoteur.com/25857-large/e-liquide-frozen-breezer-saiyen-vapors-50-ml.jpg?v=111
Strawberry Kiwi Vampire Vape,https://www.lepetitvapoteur.com/fr/e-liquide-vampire-vape/7061-e-liquide-strawberry-kiwi-vampire-vape.html,https://www.lepetitvapoteur.com/47496-large/e-liquide-strawberry-kiwi-vampire-vape.jpg?v=111
Fraise Menthe CirKus 50 ml,https://www.lepetitvapoteur.com/fr/cirkus/7070-e-liquide-fraise-menthe-50-ml-cirkus.html,https://www.lepetitvapoteur.com/40074-large/e-liquide-fraise-menthe-50-ml-cirkus.jpg?v=111
Fruits Rouges CirKus 50 ml,https://www.lepetitvapoteur.com/fr/cirkus/7072-e-liquide-fruits-rouges-50-ml-cirkus.html,https://www.lepetitvapoteur.com/40075-large/e-liquide-fruits-rouges-50-ml-cirkus.jpg?v=111
Hypnose Full Moon 50 ml,https://www.lepetitvapoteur.com/fr/e-liquide-full-moon/7086-liquide-hypnose-full-moon-50-ml.html,https://www.lepetitvapoteur.com/25954-large/liquide-hypnose-full-moon-50-ml.jpg?v=111
Red Astaire TJuice 50 ml,https://www.lepetitvapoteur.com/fr/t-juice/7089-liquide-red-astaire-50-ml.html,https://www.lepetitvapoteur.com/34483-large/liquide-red-astaire-50-ml.jpg?v=111
Gloss Swoke 50 ml,https://www.lepetitvapoteur.com/fr/swoke/7114-e-liquide-gloss-swoke-50-ml.html,https://www.lepetitvapoteur.com/26018-large/e-liquide-gloss-swoke-50-ml.jpg?v=111
Shinshiro Thenancara 50 ml,https://www.lepetitvapoteur.com/fr/thenancara/7117-e-liquide-shinshiro-thenancara-50-ml.html,https://www.lepetitvapoteur.com/26011-large/e-liquide-shinshiro-thenancara-50-ml.jpg?v=111
Bubble Trouble Dinner Lady 50 ml,https://www.lepetitvapoteur.com/fr/dinner-lady/7165-bubble-trouble-dinner-lady-50-ml-.html,https://www.lepetitvapoteur.com/31376-large/bubble-trouble-dinner-lady-50-ml-.jpg?v=111
Remon Kung Fruits 50 ml,https://www.lepetitvapoteur.com/fr/kung-fruits/7269-e-liquide-remon-kung-fruits-50-ml.html,https://www.lepetitvapoteur.com/43470-large/e-liquide-remon-kung-fruits-50-ml.jpg?v=111
Gourmandise 50 ml,https://www.lepetitvapoteur.com/fr/7-peches-capitaux/7305-liquide-gourmandise-30-ml.html,https://www.lepetitvapoteur.com/26665-large/liquide-gourmandise-30-ml.jpg?v=111
Envie 50 ml,https://www.lepetitvapoteur.com/fr/7-peches-capitaux/7306-liquide-envie-30-ml.html,https://www.lepetitvapoteur.com/26666-large/liquide-envie-30-ml.jpg?v=111
Luxure 50 ml,https://www.lepetitvapoteur.com/fr/7-peches-capitaux/7308-liquide-luxure-30-ml.html,https://www.lepetitvapoteur.com/26708-large/liquide-luxure-30-ml.jpg?v=111
Pomme Concombre 1900 Curieux 50 ml,https://www.lepetitvapoteur.com/fr/curieux/7344-pomme-concombre-1900-curieux-50-ml.html,https://www.lepetitvapoteur.com/26738-large/pomme-concombre-1900-curieux-50-ml.jpg?v=111
Framboise Cassis 1900 Curieux 50 ml,https://www.lepetitvapoteur.com/fr/curieux/7345-framboise-cassis-1900-curieux-50-ml.html,https://www.lepetitvapoteur.com/26739-large/framboise-cassis-1900-curieux-50-ml.jpg?v=111
Low Rider Fuug Life 50 ml,https://www.lepetitvapoteur.com/fr/e-liquide-fuug-life/7349-low-rider-the-fuu-50-ml.html,https://www.lepetitvapoteur.com/47455-large/low-rider-the-fuu-50-ml.jpg?v=111
Big Red Vaporigins 80 ml,https://www.lepetitvapoteur.com/fr/e-liquide-vaporigins/7469-e-liquide-big-red-vaporigins-80-ml.html,https://www.lepetitvapoteur.com/46083-large/e-liquide-big-red-vaporigins-80-ml.jpg?v=111
Fruits Rouges Green Vapes 50 ml,https://www.lepetitvapoteur.com/fr/green-vapes/7484-e-liquide-fruits-rouges-classics-green-vapes-50ml.html,https://www.lepetitvapoteur.com/37237-large/e-liquide-fruits-rouges-classics-green-vapes-50ml.jpg?v=111
Cirkus Mangue framboise aux sels de nicotine,https://www.lepetitvapoteur.com/fr/cirkus/7495-mangue-framboise-aux-sels-de-nicotine-vdlv.html,https://www.lepetitvapoteur.com/47807-large/mangue-framboise-aux-sels-de-nicotine-vdlv.jpg?v=111
Pink Bubble Green Vapes 50 ml,https://www.lepetitvapoteur.com/fr/green-vapes/7505-e-liquide-pink-bubble-green-vapes-50-ml.html,https://www.lepetitvapoteur.com/37236-large/e-liquide-pink-bubble-green-vapes-50-ml.jpg?v=111
Bübü Swoke,https://www.lepetitvapoteur.com/fr/swoke/7619-e-liquide-bubu-swoke.html,https://www.lepetitvapoteur.com/48187-large/e-liquide-bubu-swoke.jpg?v=111
Licorne Edition collector 200 ml,https://www.lepetitvapoteur.com/fr/curieux/7751-e-liquide-licorne-edition-collector-200ml.html,https://www.lepetitvapoteur.com/27911-large/e-liquide-licorne-edition-collector-200ml.jpg?v=111
Goliath Swoke 50 ml,https://www.lepetitvapoteur.com/fr/swoke/7835-e-liquide-goliath-swoke-50-ml.html,https://www.lepetitvapoteur.com/28111-large/e-liquide-goliath-swoke-50-ml.jpg?v=111
Cactus Goyave 1900 Curieux,https://www.lepetitvapoteur.com/fr/curieux/7890-e-liquide-cactus-goyave-1900-curieux.html,https://www.lepetitvapoteur.com/28326-large/e-liquide-cactus-goyave-1900-curieux.jpg?v=111
Cerise Groseille 1900 Curieux,https://www.lepetitvapoteur.com/fr/curieux/7891-e-liquide-cerise-groseille-1900-curieux-.html,https://www.lepetitvapoteur.com/28327-large/e-liquide-cerise-groseille-1900-curieux-.jpg?v=111
Citron Limette 1900 Curieux,https://www.lepetitvapoteur.com/fr/curieux/7892-e-liquide-citron-limette-1900-curieux.html,https://www.lepetitvapoteur.com/28328-large/e-liquide-citron-limette-1900-curieux.jpg?v=111
Fraise Grenade 1900 Curieux,https://www.lepetitvapoteur.com/fr/curieux/7893-e-liquide-fraise-grenade-1900-curieux.html,https://www.lepetitvapoteur.com/28329-large/e-liquide-fraise-grenade-1900-curieux.jpg?v=111
Pomme Concombre 1900 Curieux,https://www.lepetitvapoteur.com/fr/curieux/7894-e-liquide-pomme-concombre-1900-curieux.html,https://www.lepetitvapoteur.com/28330-large/e-liquide-pomme-concombre-1900-curieux.jpg?v=111
Framboise Cassis 1900 Curieux,https://www.lepetitvapoteur.com/fr/curieux/7895-e-liquide-framboise-cassis-1900-curieux.html,https://www.lepetitvapoteur.com/28331-large/e-liquide-framboise-cassis-1900-curieux.jpg?v=111
Chubby Berries Pulp Kitchen 50 ml,https://www.lepetitvapoteur.com/fr/pulp-kitchen/7962-e-liquide-chubby-berries-pulp-kitchen-50-ml.html,https://www.lepetitvapoteur.com/35897-large/e-liquide-chubby-berries-pulp-kitchen-50-ml.jpg?v=111
Cactus Kiwi Prestige Fruit 50 ml,https://www.lepetitvapoteur.com/fr/prestige/7970-cactus-kiwi-prestige-fruit-50-ml.html,https://www.lepetitvapoteur.com/28402-large/cactus-kiwi-prestige-fruit-50-ml.jpg?v=111
Pomme Framboise Fraise Prestige Fruit 50 ml,https://www.lepetitvapoteur.com/fr/prestige/7974-pomme-framboise-fraise-prestige-fruit-50-ml.html,https://www.lepetitvapoteur.com/28404-large/pomme-framboise-fraise-prestige-fruit-50-ml.jpg?v=111
Exotique Prestige Fruit 50 ml,https://www.lepetitvapoteur.com/fr/prestige/7975-exotique-prestige-fruit-50-ml.html,https://www.lepetitvapoteur.com/28405-large/exotique-prestige-fruit-50-ml.jpg?v=111
Yaourt Fraise et Crème Aisu Yoguruto 50 ml,https://www.lepetitvapoteur.com/fr/aisu/8048-e-liquide-yaourt-fraise-et-creme-aisu-yoguruto-50-ml.html,https://www.lepetitvapoteur.com/28574-large/e-liquide-yaourt-fraise-et-creme-aisu-yoguruto-50-ml.jpg?v=111
Myrh Furiosa Skinz 80 ml,https://www.lepetitvapoteur.com/fr/furiosa/8081-e-liquide-myrh-furiosa-skinz-80-ml.html,https://www.lepetitvapoteur.com/28610-large/e-liquide-myrh-furiosa-skinz-80-ml.jpg?v=111
Drogo Furiosa Skinz 80 ml,https://www.lepetitvapoteur.com/fr/furiosa/8082-e-liquide-drogo-furiosa-skinz-80-ml.html,https://www.lepetitvapoteur.com/28611-large/e-liquide-drogo-furiosa-skinz-80-ml.jpg?v=111
Abyss Furiosa Skinz 80 ml,https://www.lepetitvapoteur.com/fr/furiosa/8084-e-liquide-abyss-furiosa-skinz-80-ml.html,https://www.lepetitvapoteur.com/28613-large/e-liquide-abyss-furiosa-skinz-80-ml.jpg?v=111
PULP Ananas Maui,https://www.lepetitvapoteur.com/fr/pulp/8091-e-liquide-pulp-ananas-maui.html,https://www.lepetitvapoteur.com/47877-large/e-liquide-pulp-ananas-maui.jpg?v=111
Tsumi Yumé Curieux 50 ml,https://www.lepetitvapoteur.com/fr/curieux/8110-e-liquide-tsumi-yume-curieux-50-ml.html,https://www.lepetitvapoteur.com/36851-large/e-liquide-tsumi-yume-curieux-50-ml.jpg?v=111
Yoko Yumé Curieux 50 ml,https://www.lepetitvapoteur.com/fr/curieux/8115-e-liquide-yoko-yume-curieux-50-ml.html,https://www.lepetitvapoteur.com/36852-large/e-liquide-yoko-yume-curieux-50-ml.jpg?v=111
Sakaï Yumé Curieux 50 ml,https://www.lepetitvapoteur.com/fr/curieux/8121-e-liquide-sakai-yume-curieux-50-ml.html,https://www.lepetitvapoteur.com/36853-large/e-liquide-sakai-yume-curieux-50-ml.jpg?v=111
Summer Beach King Size Fruizee,https://www.lepetitvapoteur.com/fr/fruizee/8137-e-liquide-summer-time-king-size-fruizee.html,https://www.lepetitvapoteur.com/28777-large/e-liquide-summer-time-king-size-fruizee.jpg?v=111
Abricot Pêche Ananas Prestige Fruit 50 ml,https://www.lepetitvapoteur.com/fr/prestige/8157-e-liquide-abricot-peche-ananas-prestige-fruit-50-ml.html,https://www.lepetitvapoteur.com/28818-large/e-liquide-abricot-peche-ananas-prestige-fruit-50-ml.jpg?v=111
Fraise Mûre Prestige Fruit 50 ml,https://www.lepetitvapoteur.com/fr/prestige/8159-e-liquide-fraise-mure-prestige-fruit-50-ml.html,https://www.lepetitvapoteur.com/28819-large/e-liquide-fraise-mure-prestige-fruit-50-ml.jpg?v=111
Tropicale Prestige Fruit 50 ml,https://www.lepetitvapoteur.com/fr/prestige/8177-e-liquide-tropicale-prestige-fruit-50-ml.html,https://www.lepetitvapoteur.com/28894-large/e-liquide-tropicale-prestige-fruit-50-ml.jpg?v=111
Pitaya Kung Fruits 50 ml,https://www.lepetitvapoteur.com/fr/kung-fruits/8238-e-liquide-pitaya-kung-fruits-50-ml.html,https://www.lepetitvapoteur.com/40240-large/e-liquide-pitaya-kung-fruits-50-ml.jpg?v=111
Cassiopée Edition collector 200 ml,https://www.lepetitvapoteur.com/fr/curieux/8250-e-liquide-cassiopee-edition-collector-200-ml.html,https://www.lepetitvapoteur.com/29164-large/e-liquide-cassiopee-edition-collector-200-ml.jpg?v=111
Le Décalé,https://www.lepetitvapoteur.com/fr/le-petit-vapoteur/8251-e-liquide-le-decale.html,https://www.lepetitvapoteur.com/46641-large/e-liquide-le-decale.jpg?v=111
Berry Mix Polaris 50 ml,https://www.lepetitvapoteur.com/fr/polaris/8283-e-liquide-berry-mix-polaris-50-ml.html,https://www.lepetitvapoteur.com/46507-large/e-liquide-berry-mix-polaris-50-ml.jpg?v=111
Yellow ENFER 50 ml,https://www.lepetitvapoteur.com/fr/enfer-/8290-e-liquide-yellow-enfer-50-ml.html,https://www.lepetitvapoteur.com/44728-large/e-liquide-yellow-enfer-50-ml.jpg?v=111
Red ENFER 50 ml,https://www.lepetitvapoteur.com/fr/enfer-/8291-e-liquide-red-enfer-50-ml.html,https://www.lepetitvapoteur.com/44727-large/e-liquide-red-enfer-50-ml.jpg?v=111
Pink ENFER 50 ml,https://www.lepetitvapoteur.com/fr/enfer-/8292-e-liquide-pink-enfer-50-ml.html,https://www.lepetitvapoteur.com/44726-large/e-liquide-pink-enfer-50-ml.jpg?v=111
Classic Cerise Cirkus,https://www.lepetitvapoteur.com/fr/cirkus/8340-e-liquide-classic-cerise-cirkus.html,https://www.lepetitvapoteur.com/47808-large/e-liquide-classic-cerise-cirkus.jpg?v=111
Citron Vert Flavour Power,https://www.lepetitvapoteur.com/fr/flavour-power/8349-e-liquide-citron-vert-flavour-power.html,https://www.lepetitvapoteur.com/47540-large/e-liquide-citron-vert-flavour-power.jpg?v=111
Diablo Saiyen Vapors 50 ml,https://www.lepetitvapoteur.com/fr/e-liquide-saiyen-vapors/8360-e-liquide-diablo-saiyen-vapors-50-ml.html,https://www.lepetitvapoteur.com/29414-large/e-liquide-diablo-saiyen-vapors-50-ml.jpg?v=111
Aloe Vera Aisu Zap Juice 50 ml,https://www.lepetitvapoteur.com/fr/aisu/8362-aloe-vera-aisu-zap-juice-50-ml.html,https://www.lepetitvapoteur.com/29432-large/aloe-vera-aisu-zap-juice-50-ml.jpg?v=111
PULP Mangue Manila,https://www.lepetitvapoteur.com/fr/pulp/8515-e-liquide-pulp-mangue-manila.html,https://www.lepetitvapoteur.com/47882-large/e-liquide-pulp-mangue-manila.jpg?v=111
PULP Framboise Pourpre,https://www.lepetitvapoteur.com/fr/pulp/8516-e-liquide-pulp-framboise-pourpre.html,https://www.lepetitvapoteur.com/47883-large/e-liquide-pulp-framboise-pourpre.jpg?v=111
Le Petit Trio LPV,https://www.lepetitvapoteur.com/fr/le-petit-vapoteur/8533-le-petit-trio-lpv.html,https://www.lepetitvapoteur.com/46700-large/le-petit-trio-lpv.jpg?v=111
Ragnarok Ultimate aux Sels de nicotine,https://www.lepetitvapoteur.com/fr/ultimate/8540-ragnarok-ultimate-sels-de-nicotine.html,https://www.lepetitvapoteur.com/47512-large/ragnarok-ultimate-sels-de-nicotine.jpg?v=111
Phoenix Ultimate,https://www.lepetitvapoteur.com/fr/ultimate/8538-phoenix-ultimate.html,https://www.lepetitvapoteur.com/47510-large/phoenix-ultimate.jpg?v=111
Valkyrie Ultimate,https://www.lepetitvapoteur.com/fr/ultimate/8539-valkyrie-ultimate.html,https://www.lepetitvapoteur.com/47511-large/valkyrie-ultimate.jpg?v=111
Galatée Astrale Curieux 50 ml,https://www.lepetitvapoteur.com/fr/curieux/8542-galatee-astrale-curieux-50-ml.html,https://www.lepetitvapoteur.com/32826-large/galatee-astrale-curieux-50-ml.jpg?v=111
Ragnarok Ultimate 50 ml,https://www.lepetitvapoteur.com/fr/ultimate/8548-e-liquide-ultimate-ragnarok-50-ml.html,https://www.lepetitvapoteur.com/31881-large/e-liquide-ultimate-ragnarok-50-ml.jpg?v=111
Oni Ultimate 50 ml,https://www.lepetitvapoteur.com/fr/ultimate/8549-e-liquide-oni-ultimate-50-ml.html,https://www.lepetitvapoteur.com/31879-large/e-liquide-oni-ultimate-50-ml.jpg?v=111
Phoenix Ultimate 50 ml,https://www.lepetitvapoteur.com/fr/ultimate/8550-e-liquide-phoenix-ultimate-50-ml.html,https://www.lepetitvapoteur.com/31880-large/e-liquide-phoenix-ultimate-50-ml.jpg?v=111
Valkyrie Ultimate 50 ml,https://www.lepetitvapoteur.com/fr/ultimate/8551-e-liquide-ultimate-50-ml.html,https://www.lepetitvapoteur.com/31877-large/e-liquide-ultimate-50-ml.jpg?v=111
Paam Weecl 50 ml,https://www.lepetitvapoteur.com/fr/weecl/8557-e-liquide-paam-weecl-50-ml.html,https://www.lepetitvapoteur.com/30203-large/e-liquide-paam-weecl-50-ml.jpg?v=111
Pitaya Kung Fruits,https://www.lepetitvapoteur.com/fr/kung-fruits/8566-e-liquide-pitaya-kung-fruits.html,https://www.lepetitvapoteur.com/47813-large/e-liquide-pitaya-kung-fruits.jpg?v=111
Blue Raspberry Aisu Zap Juice 50 ml,https://www.lepetitvapoteur.com/fr/aisu/8627-e-liquide-blue-raspberry-aisu-zap-juice-50-ml.html,https://www.lepetitvapoteur.com/30395-large/e-liquide-blue-raspberry-aisu-zap-juice-50-ml.jpg?v=111
Pink Guava Aisu Zap Juice 50 ml,https://www.lepetitvapoteur.com/fr/aisu/8630-e-liquide-pink-guava-aisu-zap-juice-50-ml.html,https://www.lepetitvapoteur.com/30397-large/e-liquide-pink-guava-aisu-zap-juice-50-ml.jpg?v=111
Cucumber Aisu Zap Juice 50 ml,https://www.lepetitvapoteur.com/fr/aisu/8628-e-liquide-cucumber-aisu-zap-juice-50-ml.html,https://www.lepetitvapoteur.com/30396-large/e-liquide-cucumber-aisu-zap-juice-50-ml.jpg?v=111
Dragon Fruit Aisu Zap Juice 50 ml,https://www.lepetitvapoteur.com/fr/aisu/8653-e-liquide-dragon-fruit-aisu-zap-juice-50-ml.html,https://www.lepetitvapoteur.com/30510-large/e-liquide-dragon-fruit-aisu-zap-juice-50-ml.jpg?v=111
Framboise Bleue Cirkus,https://www.lepetitvapoteur.com/fr/cirkus/8665-e-liquide-framboise-bleue-cirkus.html,https://www.lepetitvapoteur.com/47809-large/e-liquide-framboise-bleue-cirkus.jpg?v=111
Framboise Bleue CirKus 50 ml,https://www.lepetitvapoteur.com/fr/cirkus/8666-e-liquide-framboise-bleue-50-ml-cirkus.html,https://www.lepetitvapoteur.com/40069-large/e-liquide-framboise-bleue-50-ml-cirkus.jpg?v=111
Aroe Kung Fruits,https://www.lepetitvapoteur.com/fr/kung-fruits/8689-e-liquide-aroe-kung-fruits.html,https://www.lepetitvapoteur.com/46250-large/e-liquide-aroe-kung-fruits.jpg?v=111
Meron Kung Fruits,https://www.lepetitvapoteur.com/fr/kung-fruits/8691-e-liquide-meron-kung-fruits.html,https://www.lepetitvapoteur.com/46253-large/e-liquide-meron-kung-fruits.jpg?v=111
Mango Kung Fruits,https://www.lepetitvapoteur.com/fr/kung-fruits/8692-e-liquide-mango-kung-fruits.html,https://www.lepetitvapoteur.com/46252-large/e-liquide-mango-kung-fruits.jpg?v=111
Suika Kung Fruits,https://www.lepetitvapoteur.com/fr/kung-fruits/8693-e-liquide-suika-kung-fruits.html,https://www.lepetitvapoteur.com/46257-large/e-liquide-suika-kung-fruits.jpg?v=111
Reishi Kung Fruits,https://www.lepetitvapoteur.com/fr/kung-fruits/8694-e-liquide-reishi-kung-fruits.html,https://www.lepetitvapoteur.com/46255-large/e-liquide-reishi-kung-fruits.jpg?v=111
Remon Kung Fruits,https://www.lepetitvapoteur.com/fr/kung-fruits/8695-e-liquide-remon-kung-fruits.html,https://www.lepetitvapoteur.com/46256-large/e-liquide-remon-kung-fruits.jpg?v=111
Dragon Fruit Zero Ice Aisu Zap Juice 50 ml,https://www.lepetitvapoteur.com/fr/aisu/8705-e-liquide-dragon-fruit-zero-ice-aisu-zap-juice-50-ml.html,https://www.lepetitvapoteur.com/30930-large/e-liquide-dragon-fruit-zero-ice-aisu-zap-juice-50-ml.jpg?v=111
Yaourt Fraise et Crème Zero Ice Aisu...,https://www.lepetitvapoteur.com/fr/aisu/8707-e-liquide-yaourt-fraise-et-creme-zero-ice-aisu-yoguruto-50-ml.html,https://www.lepetitvapoteur.com/30932-large/e-liquide-yaourt-fraise-et-creme-zero-ice-aisu-yoguruto-50-ml.jpg?v=111
Yaourt Fraise et Crème Aisu Yoguruto aux...,https://www.lepetitvapoteur.com/fr/aisu/8713-e-liquide-yaourt-fraise-et-creme-aisu-yoguruto-aux-sels-de-nicotine.html,https://www.lepetitvapoteur.com/47651-large/e-liquide-yaourt-fraise-et-creme-aisu-yoguruto-aux-sels-de-nicotine.jpg?v=111
Yaourt Ananas et Noix de Coco Aisu...,https://www.lepetitvapoteur.com/fr/aisu/8714-e-liquide-yaourt-ananas-et-noix-de-coco-aisu-yoguruto-aux-sels-de-nicotine.html,https://www.lepetitvapoteur.com/47652-large/e-liquide-yaourt-ananas-et-noix-de-coco-aisu-yoguruto-aux-sels-de-nicotine.jpg?v=111
Yaourt Melon Milk Aisu Yoguruto aux sels...,https://www.lepetitvapoteur.com/fr/aisu/8715-e-liquide-yaourt-melon-milk-aisu-yoguruto-aux-sels-de-nicotine.html,https://www.lepetitvapoteur.com/47653-large/e-liquide-yaourt-melon-milk-aisu-yoguruto-aux-sels-de-nicotine.jpg?v=111
Remon Kung Fruits 100 ml,https://www.lepetitvapoteur.com/fr/kung-fruits/8731-e-liquide-remon-kung-fruits-100-ml.html,https://www.lepetitvapoteur.com/40249-large/e-liquide-remon-kung-fruits-100-ml.jpg?v=111
Aroe Kung Fruits 100 ml,https://www.lepetitvapoteur.com/fr/kung-fruits/8732-e-liquide-aroe-kung-fruits-100-ml.html,https://www.lepetitvapoteur.com/40250-large/e-liquide-aroe-kung-fruits-100-ml.jpg?v=111
Pitaya Kung Fruits 100 ml,https://www.lepetitvapoteur.com/fr/kung-fruits/8733-e-liquide-pitaya-kung-fruits-100-ml.html,https://www.lepetitvapoteur.com/40251-large/e-liquide-pitaya-kung-fruits-100-ml.jpg?v=111
Passion Mangoustan Sense,https://www.lepetitvapoteur.com/fr/sense/8744-e-liquide-passion-mangoustan-sense.html,https://www.lepetitvapoteur.com/47528-large/e-liquide-passion-mangoustan-sense.jpg?v=111
Kuberi Kung Fruits,https://www.lepetitvapoteur.com/fr/kung-fruits/8777-e-liquide-kuberi-kung-fruits.html,https://www.lepetitvapoteur.com/46251-large/e-liquide-kuberi-kung-fruits.jpg?v=111
Akaïmi Kung Fruits,https://www.lepetitvapoteur.com/fr/kung-fruits/8778-e-liquide-akaimi-kung-fruits.html,https://www.lepetitvapoteur.com/46249-large/e-liquide-akaimi-kung-fruits.jpg?v=111
Scarface High Creek,https://www.lepetitvapoteur.com/fr/high-creek/2284-e-liquide-scarface-high-creek.html,https://www.lepetitvapoteur.com/47311-large/e-liquide-scarface-high-creek.jpg?v=111
Devil's Juice Green Vapes,https://www.lepetitvapoteur.com/fr/green-vapes/915-e-liquide-devil-s-juice-green-vapes.html,https://www.lepetitvapoteur.com/47552-large/e-liquide-devil-s-juice-green-vapes.jpg?v=111
Early Haven Green Vapes,https://www.lepetitvapoteur.com/fr/green-vapes/2373-e-liquide-early-haven-green-vapes.html,https://www.lepetitvapoteur.com/47559-large/e-liquide-early-haven-green-vapes.jpg?v=111
Pomme cannelle Green Vapes,https://www.lepetitvapoteur.com/fr/green-vapes/495-e-liquide-pomme-cannelle-green-vapes.html,https://www.lepetitvapoteur.com/47544-large/e-liquide-pomme-cannelle-green-vapes.jpg?v=111
Thé Pêche Green Vapes,https://www.lepetitvapoteur.com/fr/green-vapes/505-e-liquide-the-peche-green-vapes.html,https://www.lepetitvapoteur.com/47549-large/e-liquide-the-peche-green-vapes.jpg?v=111
Malibu Halo,https://www.lepetitvapoteur.com/fr/halo/27-e-liquide-malibu-halo.html,https://www.lepetitvapoteur.com/14263-large/e-liquide-malibu-halo.jpg?v=111
La Fraise Sauvage Pulp aux Sels de Nicotine,https://www.lepetitvapoteur.com/fr/e-liquide-pulp-nic-salt/8836-e-liquide-la-fraise-sauvage-pulp-aux-sels-de-nicotine.html,https://www.lepetitvapoteur.com/47887-large/e-liquide-la-fraise-sauvage-pulp-aux-sels-de-nicotine.jpg?v=111
Okoumé HVG Signature 50 ml,https://www.lepetitvapoteur.com/fr/hvg-signature/8843-e-liquide-okoume-hvg-signature-50-ml.html,https://www.lepetitvapoteur.com/31053-large/e-liquide-okoume-hvg-signature-50-ml.jpg?v=111
Fruit du dragon Pastèque Citron vert...,https://www.lepetitvapoteur.com/fr/prestige/8854-e-liquide-fruit-du-dragon-pasteque-citron-vert-prestige-fruit-50-ml.html,https://www.lepetitvapoteur.com/31118-large/e-liquide-fruit-du-dragon-pasteque-citron-vert-prestige-fruit-50-ml.jpg?v=111
PULP Poire de Kyoto,https://www.lepetitvapoteur.com/fr/pulp/8860-e-liquide-pulp-poire-de-kyoto.html,https://www.lepetitvapoteur.com/47889-large/e-liquide-pulp-poire-de-kyoto.jpg?v=111
Madeleine Citron La Bonne Vape 50 ml,https://www.lepetitvapoteur.com/fr/e-liquide-la-bonne-vape/4787-e-liquide-madeleine-citron-la-bonne-vape-50-ml.html,https://www.lepetitvapoteur.com/22800-large/e-liquide-madeleine-citron-la-bonne-vape-50-ml.jpg?v=111
Le Crumble La Fabrique Française 50 ml,https://www.lepetitvapoteur.com/fr/la-fabrique-francaise/5469-e-liquide-le-crumble-la-fabrique-francaise-50-ml.html,https://www.lepetitvapoteur.com/22808-large/e-liquide-le-crumble-la-fabrique-francaise-50-ml.jpg?v=111
Fraise des Bois Green Vapes,https://www.lepetitvapoteur.com/fr/green-vapes/8903-e-liquide-fraise-des-bois-green-vapes.html,https://www.lepetitvapoteur.com/47562-large/e-liquide-fraise-des-bois-green-vapes.jpg?v=111
Diablo Saiyen Vapors,https://www.lepetitvapoteur.com/fr/e-liquide-saiyen-vapors/8907-e-liquide-diablo-saiyen-vapors.html,https://www.lepetitvapoteur.com/31279-large/e-liquide-diablo-saiyen-vapors.jpg?v=111
Hossegor Côte Ouest Curieux 50 ml,https://www.lepetitvapoteur.com/fr/curieux/8909-e-liquide-hossegor-cote-ouest-curieux-50-ml.html,https://www.lepetitvapoteur.com/31343-large/e-liquide-hossegor-cote-ouest-curieux-50-ml.jpg?v=111
Deauville Côte Ouest Curieux 50 ml,https://www.lepetitvapoteur.com/fr/curieux/8908-e-liquide-deauville-cote-ouest-curieux-50-ml.html,https://www.lepetitvapoteur.com/31342-large/e-liquide-deauville-cote-ouest-curieux-50-ml.jpg?v=111
Yaourt Pêche Abricot Aisu Yoguruto 50 ml,https://www.lepetitvapoteur.com/fr/aisu/8925-e-liquide-peche-abricot-aisu-yoguruto-50-ml.html,https://www.lepetitvapoteur.com/31489-large/e-liquide-peche-abricot-aisu-yoguruto-50-ml.jpg?v=111
Grenade Pilée Petit Nuage,https://www.lepetitvapoteur.com/fr/petit-nuage/8966-e-liquide-grenade-pilee-petit-nuage.html,https://www.lepetitvapoteur.com/47621-large/e-liquide-grenade-pilee-petit-nuage.jpg?v=111
La Petite Limo Petit Nuage,https://www.lepetitvapoteur.com/fr/petit-nuage/8967-e-liquide-la-petite-limo-petit-nuage.html,https://www.lepetitvapoteur.com/47622-large/e-liquide-la-petite-limo-petit-nuage.jpg?v=111
Goyave Frappée Petit Nuage 60 ml,https://www.lepetitvapoteur.com/fr/petit-nuage/8971-e-liquide-goyave-frappee-petit-nuage-60-ml.html,https://www.lepetitvapoteur.com/31470-large/e-liquide-goyave-frappee-petit-nuage-60-ml.jpg?v=111
Menthe Gariguette Petit Nuage 60 ml,https://www.lepetitvapoteur.com/fr/petit-nuage/8974-e-liquide-menthe-gariguette-petit-nuage-60-ml.html,https://www.lepetitvapoteur.com/45239-large/e-liquide-menthe-gariguette-petit-nuage-60-ml.jpg?v=111
Red Hook 50 ml,https://www.lepetitvapoteur.com/fr/red-rock/8995-e-liquide-red-hook-50-ml.html,https://www.lepetitvapoteur.com/31500-large/e-liquide-red-hook-50-ml.jpg?v=111
Shinigami Ultimate 50 ml,https://www.lepetitvapoteur.com/fr/ultimate/9008-e-liquide-shinigami-ultimate-50-ml.html,https://www.lepetitvapoteur.com/31876-large/e-liquide-shinigami-ultimate-50-ml.jpg?v=111
Kuberi Kung Fruits 50 ml,https://www.lepetitvapoteur.com/fr/kung-fruits/9014-e-liquide-kuberi-kung-fruits-50-ml.html,https://www.lepetitvapoteur.com/43471-large/e-liquide-kuberi-kung-fruits-50-ml.jpg?v=111
Akaimi Kung Fruits 50 ml,https://www.lepetitvapoteur.com/fr/kung-fruits/9015-e-liquide-akaimi-kung-fruits-50-ml.html,https://www.lepetitvapoteur.com/43473-large/e-liquide-akaimi-kung-fruits-50-ml.jpg?v=111
Rouge des bois Petit Nuage,https://www.lepetitvapoteur.com/fr/petit-nuage/9048-e-liquide-rouge-des-bois-petit-nuage.html,https://www.lepetitvapoteur.com/47624-large/e-liquide-rouge-des-bois-petit-nuage.jpg?v=111
La Sironade Violette Petit Nuage,https://www.lepetitvapoteur.com/fr/petit-nuage/9051-e-liquide-la-sironade-violette-petit-nuage.html,https://www.lepetitvapoteur.com/47626-large/e-liquide-la-sironade-violette-petit-nuage.jpg?v=111
L'attrape Rêve Petit Nuage 60 ml,https://www.lepetitvapoteur.com/fr/petit-nuage/9052-e-liquide-l-attrape-reve-petit-nuage-60-ml.html,https://www.lepetitvapoteur.com/31706-large/e-liquide-l-attrape-reve-petit-nuage-60-ml.jpg?v=111
Happy Full Moon 50 ml,https://www.lepetitvapoteur.com/fr/e-liquide-full-moon/9157-e-liquide-happy-full-moon-50-ml.html,https://www.lepetitvapoteur.com/31940-large/e-liquide-happy-full-moon-50-ml.jpg?v=111
Silver Full Moon 50 ml,https://www.lepetitvapoteur.com/fr/e-liquide-full-moon/9158-e-liquide-silver-full-moon-50-ml.html,https://www.lepetitvapoteur.com/31939-large/e-liquide-silver-full-moon-50-ml.jpg?v=111
Enjoy Full Moon 50 ml,https://www.lepetitvapoteur.com/fr/e-liquide-full-moon/9159-e-liquide-enjoy-full-moon-50-ml.html,https://www.lepetitvapoteur.com/31938-large/e-liquide-enjoy-full-moon-50-ml.jpg?v=111
Grenade Pilée Petit Nuage 60 ml,https://www.lepetitvapoteur.com/fr/petit-nuage/9191-e-liquide-grenade-pilee-petit-nuage-60-ml.html,https://www.lepetitvapoteur.com/32048-large/e-liquide-grenade-pilee-petit-nuage-60-ml.jpg?v=111
Big Apple Moonshiners 60 ml,https://www.lepetitvapoteur.com/fr/e-liquide-moonshiners/9202-e-liquide-big-apple-moonshiners-60-ml.html,https://www.lepetitvapoteur.com/46510-large/e-liquide-big-apple-moonshiners-60-ml.jpg?v=111
Big Apple Moonshiners aux sels de nicotine,https://www.lepetitvapoteur.com/fr/e-liquide-moonshiners/9203-e-liquide-big-apple-moonshiners-aux-sels-de-nicotine.html,https://www.lepetitvapoteur.com/47934-large/e-liquide-big-apple-moonshiners-aux-sels-de-nicotine.jpg?v=111
Spartacus Ultimate 50 ml,https://www.lepetitvapoteur.com/fr/ultimate/9308-e-liquide-spartacus-ultimate-50-ml.html,https://www.lepetitvapoteur.com/32448-large/e-liquide-spartacus-ultimate-50-ml.jpg?v=111
Pink Devil Avap 50 ml,https://www.lepetitvapoteur.com/fr/avap/9316-e-liquide-pink-devil-avap-50-ml.html,https://www.lepetitvapoteur.com/33579-large/e-liquide-pink-devil-avap-50-ml.jpg?v=111
Waria Mawix 100 ml,https://www.lepetitvapoteur.com/fr/mawix/9325-e-liquide-waria-mawix-100-ml.html,https://www.lepetitvapoteur.com/32494-large/e-liquide-waria-mawix-100-ml.jpg?v=111
Edja Mawix 100 ml,https://www.lepetitvapoteur.com/fr/mawix/9326-e-liquide-edja-mawix-100-ml.html,https://www.lepetitvapoteur.com/32495-large/e-liquide-edja-mawix-100-ml.jpg?v=111
Flocon Pressé Petit Nuage 60 ml,https://www.lepetitvapoteur.com/fr/petit-nuage/9341-e-liquide-flocon-presse-petit-nuage-60-ml.html,https://www.lepetitvapoteur.com/32544-large/e-liquide-flocon-presse-petit-nuage-60-ml.jpg?v=111
Le Petit Cocktail Petit Nuage 60 ml,https://www.lepetitvapoteur.com/fr/petit-nuage/9356-e-liquide-le-petit-cocktail-petit-nuage-60-ml.html,https://www.lepetitvapoteur.com/32547-large/e-liquide-le-petit-cocktail-petit-nuage-60-ml.jpg?v=111
Snake Oil 40 ml,https://www.lepetitvapoteur.com/fr/t-max-juice/9357-e-liquide-snake-oil-40-ml.html,https://www.lepetitvapoteur.com/32661-large/e-liquide-snake-oil-40-ml.jpg?v=111
Snake Oil HVG 50 ml,https://www.lepetitvapoteur.com/fr/t-max-juice/9358-e-liquide-snake-oil-hvg-50-ml.html,https://www.lepetitvapoteur.com/32660-large/e-liquide-snake-oil-hvg-50-ml.jpg?v=111
L'Attrape Rêves Petit Nuage,https://www.lepetitvapoteur.com/fr/petit-nuage/9359-e-liquide-l-attrape-reves-petit-nuage.html,https://www.lepetitvapoteur.com/47627-large/e-liquide-l-attrape-reves-petit-nuage.jpg?v=111
Petite île Petit Nuage,https://www.lepetitvapoteur.com/fr/petit-nuage/9360-e-liquide-petite-ile-petit-nuage.html,https://www.lepetitvapoteur.com/47628-large/e-liquide-petite-ile-petit-nuage.jpg?v=111
Goyave Frappée Petit Nuage,https://www.lepetitvapoteur.com/fr/petit-nuage/9362-e-liquide-goyave-frappee-petit-nuage.html,https://www.lepetitvapoteur.com/47629-large/e-liquide-goyave-frappee-petit-nuage.jpg?v=111
Menthe Gariguette Petit Nuage,https://www.lepetitvapoteur.com/fr/petit-nuage/9363-e-liquide-menthe-gariguette-petit-nuage.html,https://www.lepetitvapoteur.com/47630-large/e-liquide-menthe-gariguette-petit-nuage.jpg?v=111
Infusion d'ailleurs Petit Nuage,https://www.lepetitvapoteur.com/fr/petit-nuage/9388-e-liquide-infusion-d-ailleurs-petit-nuage.html,https://www.lepetitvapoteur.com/47631-large/e-liquide-infusion-d-ailleurs-petit-nuage.jpg?v=111
Fraise Natural Curieux 50 ml,https://www.lepetitvapoteur.com/fr/natural/9445-e-liquide-fraise-natural-curieux-50-ml.html,https://www.lepetitvapoteur.com/33091-large/e-liquide-fraise-natural-curieux-50-ml.jpg?v=111
Fruits Rouges Natural Curieux 50 ml,https://www.lepetitvapoteur.com/fr/natural/9451-e-liquide-fruits-rouges-natural-curieux-50-ml.html,https://www.lepetitvapoteur.com/33092-large/e-liquide-fruits-rouges-natural-curieux-50-ml.jpg?v=111
Pêche Natural Curieux 50 ml,https://www.lepetitvapoteur.com/fr/natural/9452-e-liquide-peche-natural-curieux-50-ml.html,https://www.lepetitvapoteur.com/33093-large/e-liquide-peche-natural-curieux-50-ml.jpg?v=111
Mangue Natural Curieux 50 ml,https://www.lepetitvapoteur.com/fr/natural/9453-e-liquide-mangue-natural-curieux-50-ml.html,https://www.lepetitvapoteur.com/33094-large/e-liquide-mangue-natural-curieux-50-ml.jpg?v=111
Fruits Exotiques Natural Curieux 50 ml,https://www.lepetitvapoteur.com/fr/natural/9456-e-liquide-fruits-exotiques-natural-curieux-50-ml.html,https://www.lepetitvapoteur.com/33095-large/e-liquide-fruits-exotiques-natural-curieux-50-ml.jpg?v=111
Fraise Natural Curieux,https://www.lepetitvapoteur.com/fr/natural/9507-e-liquide-fraise-natural-curieux.html,https://www.lepetitvapoteur.com/33103-large/e-liquide-fraise-natural-curieux.jpg?v=111
