nom_produit,url_produit,img_produit
,https://www.lepetitvapoteur.com/fr/le-petit-vapoteur/2307-menthe-polaire-le-petit-vapoteur.html,https://www.lepetitvapoteur.com/46614-large/menthe-polaire-le-petit-vapoteur.jpg?v=111
,https://www.lepetitvapoteur.com/fr/t-juice/643-red-astaire.html,https://www.lepetitvapoteur.com/32856-large/red-astaire.jpg?v=111
Citron Givré,https://www.lepetitvapoteur.com/fr/le-petit-vapoteur/2306-citron-givre-le-petit-vapoteur.html,https://www.lepetitvapoteur.com/46613-large/citron-givre-le-petit-vapoteur.jpg?v=111
Menthe douce,https://www.lepetitvapoteur.com/fr/le-petit-vapoteur/4918-e-liquide-menthe-douce-le-petit-vapoteur.html,https://www.lepetitvapoteur.com/46628-large/e-liquide-menthe-douce-le-petit-vapoteur.jpg?v=111
Classic Menthe,https://www.lepetitvapoteur.com/fr/le-petit-vapoteur/2308-classic-menthe.html,https://www.lepetitvapoteur.com/46615-large/classic-menthe.jpg?v=111
Menthe glaciale,https://www.lepetitvapoteur.com/fr/le-petit-vapoteur/4914-e-liquide-menthe-glaciale-le-petit-vapoteur.html,https://www.lepetitvapoteur.com/46624-large/e-liquide-menthe-glaciale-le-petit-vapoteur.jpg?v=111
,https://www.lepetitvapoteur.com/fr/halo/312-e-liquide-sub-zero-halo.html,https://www.lepetitvapoteur.com/14260-large/e-liquide-sub-zero-halo.jpg?v=111
,https://www.lepetitvapoteur.com/fr/le-petit-vapoteur/5936-pack-menthole-le-petit-vapoteur.html,https://www.lepetitvapoteur.com/46696-large/pack-menthole-le-petit-vapoteur.jpg?v=111
Pack Mentholé LPV,https://www.lepetitvapoteur.com/fr/le-petit-vapoteur/5936-pack-menthole-le-petit-vapoteur.html,https://www.lepetitvapoteur.com/46696-large/pack-menthole-le-petit-vapoteur.jpg?v=111
Le Petit Trio LPV,https://www.lepetitvapoteur.com/fr/le-petit-vapoteur/8533-le-petit-trio-lpv.html,https://www.lepetitvapoteur.com/46700-large/le-petit-trio-lpv.jpg?v=111
Menthe Polaire,https://www.lepetitvapoteur.com/fr/le-petit-vapoteur/2307-menthe-polaire-le-petit-vapoteur.html,https://www.lepetitvapoteur.com/46614-large/menthe-polaire-le-petit-vapoteur.jpg?v=111
Menthe glaciale,https://www.lepetitvapoteur.com/fr/le-petit-vapoteur/4914-e-liquide-menthe-glaciale-le-petit-vapoteur.html,https://www.lepetitvapoteur.com/46624-large/e-liquide-menthe-glaciale-le-petit-vapoteur.jpg?v=111
Menthe douce,https://www.lepetitvapoteur.com/fr/le-petit-vapoteur/4918-e-liquide-menthe-douce-le-petit-vapoteur.html,https://www.lepetitvapoteur.com/46628-large/e-liquide-menthe-douce-le-petit-vapoteur.jpg?v=111
Menthe Étoilée,https://www.lepetitvapoteur.com/fr/le-petit-vapoteur/9627-e-liquide-menthe-etoilee.html,https://www.lepetitvapoteur.com/46647-large/e-liquide-menthe-etoilee.jpg?v=111
Classic Menthe,https://www.lepetitvapoteur.com/fr/le-petit-vapoteur/2308-classic-menthe.html,https://www.lepetitvapoteur.com/46615-large/classic-menthe.jpg?v=111
Menthe Fraîche aux sels de nicotine,https://www.lepetitvapoteur.com/fr/le-petit-vapoteur/6162-e-liquide-menthe-fraiche-le-petit-vapoteur.html,https://www.lepetitvapoteur.com/46638-large/e-liquide-menthe-fraiche-le-petit-vapoteur.jpg?v=111
Menthe Glaciale aux sels de nicotine,https://www.lepetitvapoteur.com/fr/le-petit-vapoteur/6163-menthe-glaciale-aux-sels-de-nicotine.html,https://www.lepetitvapoteur.com/46639-large/menthe-glaciale-aux-sels-de-nicotine.jpg?v=111
Menthe Polaire 50 ml,https://www.lepetitvapoteur.com/fr/le-petit-vapoteur/8038-e-liquide-menthe-polaire-50-ml.html,https://www.lepetitvapoteur.com/28511-large/e-liquide-menthe-polaire-50-ml.jpg?v=111
Menthe Glaciale 50 ml,https://www.lepetitvapoteur.com/fr/le-petit-vapoteur/9474-e-liquide-menthe-glaciale-50-ml.html,https://www.lepetitvapoteur.com/32922-large/e-liquide-menthe-glaciale-50-ml.jpg?v=111
Menthe Douce 50 ml,https://www.lepetitvapoteur.com/fr/le-petit-vapoteur/9473-e-liquide-menthe-douce-50-ml.html,https://www.lepetitvapoteur.com/32923-large/e-liquide-menthe-douce-50-ml.jpg?v=111
Menthe Etoilée 50 ml,https://www.lepetitvapoteur.com/fr/le-petit-vapoteur/9586-e-liquide-menthe-etoilee-50-ml.html,https://www.lepetitvapoteur.com/32867-large/e-liquide-menthe-etoilee-50-ml.jpg?v=111
Menthe Polaire 200 ml,https://www.lepetitvapoteur.com/fr/le-petit-vapoteur/5187-e-liquide-menthe-polaire-200-ml.html,https://www.lepetitvapoteur.com/21126-large/e-liquide-menthe-polaire-200-ml.jpg?v=111
Menthe Glaciale Vincent,https://www.lepetitvapoteur.com/fr/vincent-dans-les-vapes/1560-e-liquide-menthe-glaciale-vdlv.html,https://www.lepetitvapoteur.com/47776-large/e-liquide-menthe-glaciale-vdlv.jpg?v=111
Menthe fraiche Vincent,https://www.lepetitvapoteur.com/fr/vincent-dans-les-vapes/180-e-liquide-menthe-fraiche-vdlv.html,https://www.lepetitvapoteur.com/47759-large/e-liquide-menthe-fraiche-vdlv.jpg?v=111
Sub Zero Halo,https://www.lepetitvapoteur.com/fr/halo/312-e-liquide-sub-zero-halo.html,https://www.lepetitvapoteur.com/14260-large/e-liquide-sub-zero-halo.jpg?v=111
Malibu Halo,https://www.lepetitvapoteur.com/fr/halo/27-e-liquide-malibu-halo.html,https://www.lepetitvapoteur.com/14263-large/e-liquide-malibu-halo.jpg?v=111
Mystic Halo,https://www.lepetitvapoteur.com/fr/halo/164-e-liquide-mystic-halo.html,https://www.lepetitvapoteur.com/14275-large/e-liquide-mystic-halo.jpg?v=111
Menthol Ice Halo,https://www.lepetitvapoteur.com/fr/halo/130-e-liquide-menthol-ice-halo.html,https://www.lepetitvapoteur.com/14277-large/e-liquide-menthol-ice-halo.jpg?v=111
Cool Mist Halo,https://www.lepetitvapoteur.com/fr/halo/25-e-liquide-cool-mist-halo.html,https://www.lepetitvapoteur.com/14278-large/e-liquide-cool-mist-halo.jpg?v=111
Alfaliquid Menthe,https://www.lepetitvapoteur.com/fr/alfaliquid/209-alfaliquid-menthe.html,https://www.lepetitvapoteur.com/44828-large/alfaliquid-menthe.jpg?v=111
Alfaliquid Menthe Glaciale,https://www.lepetitvapoteur.com/fr/alfaliquid/210-alfaliquid-menthe-glaciale.html,https://www.lepetitvapoteur.com/44157-large/alfaliquid-menthe-glaciale.jpg?v=111
D'lice Menthe Fraiche,https://www.lepetitvapoteur.com/fr/dlice/532-d-lice-menthe-fraiche.html,https://www.lepetitvapoteur.com/35456-large/d-lice-menthe-fraiche.jpg?v=111
D'lice USA Menthe,https://www.lepetitvapoteur.com/fr/dlice/525-d-lice-usa-menthe.html,https://www.lepetitvapoteur.com/35448-large/d-lice-usa-menthe.jpg?v=111
Kringle's Curse Halo,https://www.lepetitvapoteur.com/fr/halo/158-e-liquide-kringle-s-curse-halo.html,https://www.lepetitvapoteur.com/14270-large/e-liquide-kringle-s-curse-halo.jpg?v=111
Holy Ice Green Vapes,https://www.lepetitvapoteur.com/fr/green-vapes/917-e-liquide-holy-ice-green-vapes.html,https://www.lepetitvapoteur.com/47553-large/e-liquide-holy-ice-green-vapes.jpg?v=111
Holy Gum Green Vapes,https://www.lepetitvapoteur.com/fr/green-vapes/496-e-liquide-holy-gum-green-vapes.html,https://www.lepetitvapoteur.com/47545-large/e-liquide-holy-gum-green-vapes.jpg?v=111
Solid Helium The Fuu,https://www.lepetitvapoteur.com/fr/the-fuu/1175-e-liquide-solid-helium.html,https://www.lepetitvapoteur.com/47699-large/e-liquide-solid-helium.jpg?v=111
PULP La menthe frappée,https://www.lepetitvapoteur.com/fr/pulp/1219-pulp-la-menthe-frappee.html,https://www.lepetitvapoteur.com/47851-large/pulp-la-menthe-frappee.jpg?v=111
PULP La menthe polaire,https://www.lepetitvapoteur.com/fr/pulp/1225-pulp-la-menthe-polaire.html,https://www.lepetitvapoteur.com/47857-large/pulp-la-menthe-polaire.jpg?v=111
PULP Le thé à la menthe,https://www.lepetitvapoteur.com/fr/pulp/1226-pulp-le-the-a-la-menthe.html,https://www.lepetitvapoteur.com/47858-large/pulp-le-the-a-la-menthe.jpg?v=111
Classic Menthe Cirkus,https://www.lepetitvapoteur.com/fr/cirkus/1331-e-liquide-classique-menthe-cirkus.html,https://www.lepetitvapoteur.com/47769-large/e-liquide-classique-menthe-cirkus.jpg?v=111
Menthe Polaire Cirkus,https://www.lepetitvapoteur.com/fr/cirkus/1332-e-liquide-menthe-polaire-cirkus.html,https://www.lepetitvapoteur.com/47770-large/e-liquide-menthe-polaire-cirkus.jpg?v=111
Lemon Ice Cirkus,https://www.lepetitvapoteur.com/fr/cirkus/1333-e-liquide-lemon-ice-cirkus.html,https://www.lepetitvapoteur.com/47771-large/e-liquide-lemon-ice-cirkus.jpg?v=111
Alfaliquid Menthocalyptus,https://www.lepetitvapoteur.com/fr/alfaliquid/614-alfaliquid-menthocalyptus.html,https://www.lepetitvapoteur.com/44428-large/alfaliquid-menthocalyptus.jpg?v=111
Under the Sea Vaponaute,https://www.lepetitvapoteur.com/fr/vaponaute/938-e-liquide-under-the-sea-vaponaute.html,https://www.lepetitvapoteur.com/34053-large/e-liquide-under-the-sea-vaponaute.jpg?v=111
RED HOOK,https://www.lepetitvapoteur.com/fr/red-rock/1709-red-hook.html,https://www.lepetitvapoteur.com/47963-large/red-hook.jpg?v=111
Absinthe Rouge Cirkus,https://www.lepetitvapoteur.com/fr/cirkus/1732-e-liquide-absinthe-rouge-cirkus.html,https://www.lepetitvapoteur.com/47777-large/e-liquide-absinthe-rouge-cirkus.jpg?v=111
Vinyl V2 Swoke,https://www.lepetitvapoteur.com/fr/swoke/1935-vinyl-swoke.html,https://www.lepetitvapoteur.com/48181-large/vinyl-swoke.jpg?v=111
Red Astaire TJuice,https://www.lepetitvapoteur.com/fr/t-juice/643-red-astaire.html,https://www.lepetitvapoteur.com/32856-large/red-astaire.jpg?v=111
D'lice El Loco,https://www.lepetitvapoteur.com/fr/dlice/2031-d-lice-el-loco.html,https://www.lepetitvapoteur.com/35473-large/d-lice-el-loco.jpg?v=111
D'lice Xtra Menthe,https://www.lepetitvapoteur.com/fr/dlice/2554-d-lice-xtra-menthe.html,https://www.lepetitvapoteur.com/35475-large/d-lice-xtra-menthe.jpg?v=111
D'lice Menthe Verte,https://www.lepetitvapoteur.com/fr/dlice/2556-d-lice-menthe-verte.html,https://www.lepetitvapoteur.com/35476-large/d-lice-menthe-verte.jpg?v=111
La Menthe Botanics,https://www.lepetitvapoteur.com/fr/botanics/2834-la-menthe-botanics.html,https://www.lepetitvapoteur.com/47591-large/la-menthe-botanics.jpg?v=111
The Hammer Green Vapes,https://www.lepetitvapoteur.com/fr/green-vapes/2932-e-liquide-the-hammer-green-vapes.html,https://www.lepetitvapoteur.com/47560-large/e-liquide-the-hammer-green-vapes.jpg?v=111
Pure Morning Vaponaute 24,https://www.lepetitvapoteur.com/fr/vaponaute/1467-e-liquide-pure-morning-vaponaute-24.html,https://www.lepetitvapoteur.com/47589-large/e-liquide-pure-morning-vaponaute-24.jpg?v=111
Menthe Chlorophylle Cirkus,https://www.lepetitvapoteur.com/fr/cirkus/2507-e-liquide-menthe-chlorophylle-cirkus.html,https://www.lepetitvapoteur.com/47783-large/e-liquide-menthe-chlorophylle-cirkus.jpg?v=111
Iceberg Savourea,https://www.lepetitvapoteur.com/fr/e-liquide-savourea/3041-iceberg-savourea.html,https://www.lepetitvapoteur.com/47966-large/iceberg-savourea.jpg?v=111
Crazy Frost,https://www.lepetitvapoteur.com/fr/e-liquide-crazy/3150-crazy-frost.html,https://www.lepetitvapoteur.com/47971-large/crazy-frost.jpg?v=111
Carnage Vape Institut,https://www.lepetitvapoteur.com/fr/e-liquide-vape-institut/3194-e-liquide-carnage-vape-institut.html,https://www.lepetitvapoteur.com/47597-large/e-liquide-carnage-vape-institut.jpg?v=111
Poire Chlorophylle Ever Vape,https://www.lepetitvapoteur.com/fr/e-liquide-ever-vape/3858-e-liquide-poire-chlorophylle-ever-vape.html,https://www.lepetitvapoteur.com/48082-large/e-liquide-poire-chlorophylle-ever-vape.jpg?v=111
Icee Mint Fruizee,https://www.lepetitvapoteur.com/fr/fruizee/4120-e-liquide-icee-mint-fruizee.html,https://www.lepetitvapoteur.com/47683-large/e-liquide-icee-mint-fruizee.jpg?v=111
Icee Mint King Size Fruizee,https://www.lepetitvapoteur.com/fr/fruizee/4123-e-liquide-icee-mint-king-size-fruizee.html,https://www.lepetitvapoteur.com/19445-large/e-liquide-icee-mint-king-size-fruizee.jpg?v=111
Heisenberg 50 ml,https://www.lepetitvapoteur.com/fr/e-liquide-vampire-vape/4222-e-liquide-heisenberg-50ml.html,https://www.lepetitvapoteur.com/17679-large/e-liquide-heisenberg-50ml.jpg?v=111
Menthe Minimal,https://www.lepetitvapoteur.com/fr/minimal/4241-e-liquide-menthe-minimal.html,https://www.lepetitvapoteur.com/47702-large/e-liquide-menthe-minimal.jpg?v=111
Sven D'50,https://www.lepetitvapoteur.com/fr/e-liquide-dlice-d-50/4501-e-liquide-sven-d-50.html,https://www.lepetitvapoteur.com/25623-large/e-liquide-sven-d-50.jpg?v=111
Subzero Shake n Vape Halo 50 ml,https://www.lepetitvapoteur.com/fr/halo/4586-e-liquide-subzero-shake-n-vape-halo-50-ml.html,https://www.lepetitvapoteur.com/19127-large/e-liquide-subzero-shake-n-vape-halo-50-ml.jpg?v=111
Vegetol Cloud Polaire,https://www.lepetitvapoteur.com/fr/vegetol/4591-e-liquide-vegetol-polaire.html,https://www.lepetitvapoteur.com/24902-large/e-liquide-vegetol-polaire.jpg?v=111
Ice Mint Salt E-Vapor,https://www.lepetitvapoteur.com/fr/e-liquide-salt-e-vapor/4804-e-liquide-ice-mint-salt-e-vapor.html,https://www.lepetitvapoteur.com/47922-large/e-liquide-ice-mint-salt-e-vapor.jpg?v=111
Aloev'You Sense Insolite,https://www.lepetitvapoteur.com/fr/e-liquide-sense-insolite/4840-e-liquide-aloev-you-sense-insolite.html,https://www.lepetitvapoteur.com/47535-large/e-liquide-aloev-you-sense-insolite.jpg?v=111
Glacial Minimal,https://www.lepetitvapoteur.com/fr/minimal/5033-e-liquide-glacial-minimal.html,https://www.lepetitvapoteur.com/47712-large/e-liquide-glacial-minimal.jpg?v=111
Green Flash Vaporigins 80 ml,https://www.lepetitvapoteur.com/fr/e-liquide-vaporigins/5093-e-liquide-green-flash-vaporigins-80-ml.html,https://www.lepetitvapoteur.com/46082-large/e-liquide-green-flash-vaporigins-80-ml.jpg?v=111
Menthe Polaire CirKus 50 ml,https://www.lepetitvapoteur.com/fr/cirkus/5124-e-liquide-menthe-polaire-50-ml-cirkus.html,https://www.lepetitvapoteur.com/40068-large/e-liquide-menthe-polaire-50-ml-cirkus.jpg?v=111
Carnage Vape Institut 50 ml,https://www.lepetitvapoteur.com/fr/e-liquide-vape-institut/5195-e-liquide-carnage-vape-institut-50-ml.html,https://www.lepetitvapoteur.com/42609-large/e-liquide-carnage-vape-institut-50-ml.jpg?v=111
Ouarzazate Tea Curieux,https://www.lepetitvapoteur.com/fr/curieux/5693-e-liquide-ouarzazate-curieux.html,https://www.lepetitvapoteur.com/23047-large/e-liquide-ouarzazate-curieux.jpg?v=111
Tweed Essentielle Curieux 50 ml,https://www.lepetitvapoteur.com/fr/curieux/5703-e-liquide-tweed-curieux-40-ml.html,https://www.lepetitvapoteur.com/44853-large/e-liquide-tweed-curieux-40-ml.jpg?v=111
Menthe Chloro Salty avec sels de nicotine,https://www.lepetitvapoteur.com/fr/salty/5775-e-liquide-chewing-gum-menthe-chloro-salty.html,https://www.lepetitvapoteur.com/47988-large/e-liquide-chewing-gum-menthe-chloro-salty.jpg?v=111
Menthe polaire Salty avec sels de nicotine,https://www.lepetitvapoteur.com/fr/salty/5774-e-liquide-menthe-polaire-salty.html,https://www.lepetitvapoteur.com/47987-large/e-liquide-menthe-polaire-salty.jpg?v=111
Réglisse menthe Terroir et vapeur,https://www.lepetitvapoteur.com/fr/terroir-et-vapeur/5886-e-liquide-reglisse-menthe-terroir-et-vapeur.html,https://www.lepetitvapoteur.com/47610-large/e-liquide-reglisse-menthe-terroir-et-vapeur.jpg?v=111
Vert de gascogne Terroir et vapeur,https://www.lepetitvapoteur.com/fr/terroir-et-vapeur/5887-e-liquide-vert-de-gascogne-terroir-et-vapeur.html,https://www.lepetitvapoteur.com/47611-large/e-liquide-vert-de-gascogne-terroir-et-vapeur.jpg?v=111
Sub Zero sels de nicotine Halo,https://www.lepetitvapoteur.com/fr/halo/5921-e-liquide-subzero-sels-de-nicotine-halo.html,https://www.lepetitvapoteur.com/23122-large/e-liquide-subzero-sels-de-nicotine-halo.jpg?v=111
Menthe Glaciale Sense,https://www.lepetitvapoteur.com/fr/sense/6444-e-liquide-menthe-glaciale-sense.html,https://www.lepetitvapoteur.com/47519-large/e-liquide-menthe-glaciale-sense.jpg?v=111
Tweed Essentielle Curieux,https://www.lepetitvapoteur.com/fr/curieux/6458-e-liquide-tweed-essentielle-curieux.html,https://www.lepetitvapoteur.com/24525-large/e-liquide-tweed-essentielle-curieux.jpg?v=111
Big Blue ioNic aux sels de nicotine...,https://www.lepetitvapoteur.com/fr/ionic/6465-e-liquide-big-blue-ionic-aux-sels-de-nicotine.html,https://www.lepetitvapoteur.com/48086-large/e-liquide-big-blue-ionic-aux-sels-de-nicotine.jpg?v=111
Fraise Menthe CirKus,https://www.lepetitvapoteur.com/fr/cirkus/6670-e-liquide-fraise-menthe-cirkus.html,https://www.lepetitvapoteur.com/47801-large/e-liquide-fraise-menthe-cirkus.jpg?v=111
Red Astaire Tjuice aux sels de nicotine,https://www.lepetitvapoteur.com/fr/t-juice/6682-e-liquide-red-astaire-tjuice-aux-sels-de-nicotine.html,https://www.lepetitvapoteur.com/34482-large/e-liquide-red-astaire-tjuice-aux-sels-de-nicotine.jpg?v=111
Pack Découverte Sels De Nicotine LPV,https://www.lepetitvapoteur.com/fr/le-petit-vapoteur/6750-pack-decouverte-sels-de-nicotine-le-petit-vapoteur.html,https://www.lepetitvapoteur.com/46699-large/pack-decouverte-sels-de-nicotine-le-petit-vapoteur.jpg?v=111
Vegetol Pure Menthé,https://www.lepetitvapoteur.com/fr/vegetol/6833-e-liquide-vegetol-pure-menthe.html,https://www.lepetitvapoteur.com/25362-large/e-liquide-vegetol-pure-menthe.jpg?v=111
Ticta-X Hyster-X,https://www.lepetitvapoteur.com/fr/hyster-x/6913-e-liquide-ticta-x-hyster-x.html,https://www.lepetitvapoteur.com/47993-large/e-liquide-ticta-x-hyster-x.jpg?v=111
Fraise Menthe CirKus 50 ml,https://www.lepetitvapoteur.com/fr/cirkus/7070-e-liquide-fraise-menthe-50-ml-cirkus.html,https://www.lepetitvapoteur.com/40074-large/e-liquide-fraise-menthe-50-ml-cirkus.jpg?v=111
Red Astaire TJuice 50 ml,https://www.lepetitvapoteur.com/fr/t-juice/7089-liquide-red-astaire-50-ml.html,https://www.lepetitvapoteur.com/34483-large/liquide-red-astaire-50-ml.jpg?v=111
Antarctica Thenancara 50 ml,https://www.lepetitvapoteur.com/fr/thenancara/7113-e-liquide-antarctica-thenancara-50-ml.html,https://www.lepetitvapoteur.com/26014-large/e-liquide-antarctica-thenancara-50-ml.jpg?v=111
Orgueil 50 ml,https://www.lepetitvapoteur.com/fr/7-peches-capitaux/7304-liquide-orgueil-30-ml.html,https://www.lepetitvapoteur.com/26709-large/liquide-orgueil-30-ml.jpg?v=111
Sub Zero High VG,https://www.lepetitvapoteur.com/fr/halo/7316-e-liquide-subzero-high-vg-halo.html,https://www.lepetitvapoteur.com/26655-large/e-liquide-subzero-high-vg-halo.jpg?v=111
Low Rider Fuug Life 50 ml,https://www.lepetitvapoteur.com/fr/e-liquide-fuug-life/7349-low-rider-the-fuu-50-ml.html,https://www.lepetitvapoteur.com/47455-large/low-rider-the-fuu-50-ml.jpg?v=111
Menthe Réglisse Vincent,https://www.lepetitvapoteur.com/fr/vincent-dans-les-vapes/7425-e-liquide-menthe-reglisse-vdlv.html,https://www.lepetitvapoteur.com/47803-large/e-liquide-menthe-reglisse-vdlv.jpg?v=111
Holy Gum Green Vapes 50 ml,https://www.lepetitvapoteur.com/fr/green-vapes/7506-e-liquide-holy-gum-green-vapes-50-ml.html,https://www.lepetitvapoteur.com/36854-large/e-liquide-holy-gum-green-vapes-50-ml.jpg?v=111
Menthe Polaire Pulp aux Sels de Nicotine,https://www.lepetitvapoteur.com/fr/e-liquide-pulp-nic-salt/7860-e-liquide-menthe-polaire-pulp-aux-sels-de-nicotine.html,https://www.lepetitvapoteur.com/47871-large/e-liquide-menthe-polaire-pulp-aux-sels-de-nicotine.jpg?v=111
PULP Boston Menthol,https://www.lepetitvapoteur.com/fr/pulp/8087-e-liquide-pulp-boston-menthol.html,https://www.lepetitvapoteur.com/47873-large/e-liquide-pulp-boston-menthol.jpg?v=111
PULP Menthe Eucalyptus,https://www.lepetitvapoteur.com/fr/pulp/8088-e-liquide-pulp-menthe-eucalyptus.html,https://www.lepetitvapoteur.com/47874-large/e-liquide-pulp-menthe-eucalyptus.jpg?v=111
PULP Pastille de Menthe,https://www.lepetitvapoteur.com/fr/pulp/8089-e-liquide-pulp-pastille-de-menthe.html,https://www.lepetitvapoteur.com/47875-large/e-liquide-pulp-pastille-de-menthe.jpg?v=111
PULP Menthe chlorophylle,https://www.lepetitvapoteur.com/fr/pulp/8097-e-liquide-pulp-menthe-chlorophylle.html,https://www.lepetitvapoteur.com/47879-large/e-liquide-pulp-menthe-chlorophylle.jpg?v=111
Sakaï Yumé Curieux 50 ml,https://www.lepetitvapoteur.com/fr/curieux/8121-e-liquide-sakai-yume-curieux-50-ml.html,https://www.lepetitvapoteur.com/36853-large/e-liquide-sakai-yume-curieux-50-ml.jpg?v=111
Medium Polaris 50 ml,https://www.lepetitvapoteur.com/fr/polaris/8279-e-liquide-polaris-50-ml.html,https://www.lepetitvapoteur.com/46503-large/e-liquide-polaris-50-ml.jpg?v=111
Intense Polaris 50 ml,https://www.lepetitvapoteur.com/fr/polaris/8280-e-liquide-intense-polaris-50-ml.html,https://www.lepetitvapoteur.com/46504-large/e-liquide-intense-polaris-50-ml.jpg?v=111
La Menthe frappée Pulp aux Sels de Nicotine,https://www.lepetitvapoteur.com/fr/e-liquide-pulp-nic-salt/8837-e-liquide-la-menthe-frappee-pulp-aux-sels-de-nicotine.html,https://www.lepetitvapoteur.com/47888-large/e-liquide-la-menthe-frappee-pulp-aux-sels-de-nicotine.jpg?v=111
Menthe Chlorophylle Cirkus 50 ml,https://www.lepetitvapoteur.com/fr/cirkus/8876-e-liquide-menthe-chlorophylle-cirkus-50-ml.html,https://www.lepetitvapoteur.com/40065-large/e-liquide-menthe-chlorophylle-cirkus-50-ml.jpg?v=111
Flocon Vanillé Petit Nuage,https://www.lepetitvapoteur.com/fr/petit-nuage/8964-e-liquide-flocon-vanille-petit-nuage.html,https://www.lepetitvapoteur.com/47619-large/e-liquide-flocon-vanille-petit-nuage.jpg?v=111
Menthe Gariguette Petit Nuage 60 ml,https://www.lepetitvapoteur.com/fr/petit-nuage/8974-e-liquide-menthe-gariguette-petit-nuage-60-ml.html,https://www.lepetitvapoteur.com/45239-large/e-liquide-menthe-gariguette-petit-nuage-60-ml.jpg?v=111
Red Hook 50 ml,https://www.lepetitvapoteur.com/fr/red-rock/8995-e-liquide-red-hook-50-ml.html,https://www.lepetitvapoteur.com/31500-large/e-liquide-red-hook-50-ml.jpg?v=111
Carnage Vape Institut 100 ml,https://www.lepetitvapoteur.com/fr/e-liquide-vape-institut/5477-e-liquide-carnage-vape-institut-100-ml.html,https://www.lepetitvapoteur.com/42606-large/e-liquide-carnage-vape-institut-100-ml.jpg?v=111
Mojito Green Vapes,https://www.lepetitvapoteur.com/fr/green-vapes/1890-e-liquide-mojito-green-vapes.html,https://www.lepetitvapoteur.com/47555-large/e-liquide-mojito-green-vapes.jpg?v=111
Flocon Vanillé Petit Nuage 60 ml,https://www.lepetitvapoteur.com/fr/petit-nuage/9342-flocon-vanille-petit-nuage-60-ml.html,https://www.lepetitvapoteur.com/32545-large/flocon-vanille-petit-nuage-60-ml.jpg?v=111
Le Petit Cocktail Petit Nuage 60 ml,https://www.lepetitvapoteur.com/fr/petit-nuage/9356-e-liquide-le-petit-cocktail-petit-nuage-60-ml.html,https://www.lepetitvapoteur.com/32547-large/e-liquide-le-petit-cocktail-petit-nuage-60-ml.jpg?v=111
La Petite Limo Petit Nuage 60 ml,https://www.lepetitvapoteur.com/fr/petit-nuage/9355-e-liquide-la-petite-limo-petit-nuage-60-ml.html,https://www.lepetitvapoteur.com/32546-large/e-liquide-la-petite-limo-petit-nuage-60-ml.jpg?v=111
Menthe Gariguette Petit Nuage,https://www.lepetitvapoteur.com/fr/petit-nuage/9363-e-liquide-menthe-gariguette-petit-nuage.html,https://www.lepetitvapoteur.com/47630-large/e-liquide-menthe-gariguette-petit-nuage.jpg?v=111
Menthe Verte Natural Curieux 50 ml,https://www.lepetitvapoteur.com/fr/natural/9457-e-liquide-menthe-verte-natural-curieux-50-ml.html,https://www.lepetitvapoteur.com/33096-large/e-liquide-menthe-verte-natural-curieux-50-ml.jpg?v=111
Menthe Intense Natural Curieux 50 ml,https://www.lepetitvapoteur.com/fr/natural/9463-e-liquide-menthe-intense-natural-curieux-50-ml.html,https://www.lepetitvapoteur.com/33102-large/e-liquide-menthe-intense-natural-curieux-50-ml.jpg?v=111
Menthe Verte Natural Curieux,https://www.lepetitvapoteur.com/fr/natural/9522-e-liquide-menthe-verte-natural-curieux.html,https://www.lepetitvapoteur.com/33108-large/e-liquide-menthe-verte-natural-curieux.jpg?v=111
Menthe Intense Natural Curieux,https://www.lepetitvapoteur.com/fr/natural/9528-e-liquide-menthe-intense-natural-curieux.html,https://www.lepetitvapoteur.com/33114-large/e-liquide-menthe-intense-natural-curieux.jpg?v=111
Holy Ice Green Vapes 50 ml,https://www.lepetitvapoteur.com/fr/green-vapes/9598-e-liquide-holy-ice-green-vapes-50-ml.html,https://www.lepetitvapoteur.com/37240-large/e-liquide-holy-ice-green-vapes-50-ml.jpg?v=111
Végétol Phyto Menthol,https://www.lepetitvapoteur.com/fr/vegetol/9740-e-liquide-vegetol-phyto-menthol.html,https://www.lepetitvapoteur.com/33365-large/e-liquide-vegetol-phyto-menthol.jpg?v=111
La Menthe Botanics 50 ml,https://www.lepetitvapoteur.com/fr/botanics/9817-e-liquide-la-menthe-botanics-50-ml.html,https://www.lepetitvapoteur.com/33736-large/e-liquide-la-menthe-botanics-50-ml.jpg?v=111
Menthe Chloro,https://www.lepetitvapoteur.com/fr/le-petit-vapoteur/10154-e-liquide-menthe-chloro.html,https://www.lepetitvapoteur.com/46650-large/e-liquide-menthe-chloro.jpg?v=111
La Menthe Polaire Pulp 60 ml,https://www.lepetitvapoteur.com/fr/pulp/10642-e-liquide-la-menthe-polaire-pulp-60-ml.html,https://www.lepetitvapoteur.com/35841-large/e-liquide-la-menthe-polaire-pulp-60-ml.jpg?v=111
La Menthe Frappée Pulp 60 ml,https://www.lepetitvapoteur.com/fr/pulp/10643-e-liquide-la-menthe-frappee-pulp-60-ml.html,https://www.lepetitvapoteur.com/35843-large/e-liquide-la-menthe-frappee-pulp-60-ml.jpg?v=111
USA Classic XL D'Lice 50 ml,https://www.lepetitvapoteur.com/fr/dlice/10668-e-liquide-usa-classic-xl-d-lice-50-ml.html,https://www.lepetitvapoteur.com/35924-large/e-liquide-usa-classic-xl-d-lice-50-ml.jpg?v=111
Bonbon Menthe Natural Curieux 50 ml,https://www.lepetitvapoteur.com/fr/natural/10703-e-liquide-bonbon-menthe-natural-curieux-50-ml.html,https://www.lepetitvapoteur.com/35993-large/e-liquide-bonbon-menthe-natural-curieux-50-ml.jpg?v=111
Bonbon Menthe Natural Curieux,https://www.lepetitvapoteur.com/fr/natural/10710-e-liquide-bonbon-menthe-natural-curieux.html,https://www.lepetitvapoteur.com/35999-large/e-liquide-bonbon-menthe-natural-curieux.jpg?v=111
Menthe CBD Curieux,https://www.lepetitvapoteur.com/fr/curieux/10719-e-liquide-menthe-verte-cbd-curieux.html,https://www.lepetitvapoteur.com/36073-large/e-liquide-menthe-verte-cbd-curieux.jpg?v=111
La Menthe Polaire Pulp 200 ml,https://www.lepetitvapoteur.com/fr/pulp/10747-e-liquide-la-menthe-polaire-pulp-200-ml.html,https://www.lepetitvapoteur.com/36106-large/e-liquide-la-menthe-polaire-pulp-200-ml.jpg?v=111
Herbal Mint Calm+ by Minimal,https://www.lepetitvapoteur.com/fr/calm-plus/10773-e-liquide-herbal-mint-calm-by-minimal.html,https://www.lepetitvapoteur.com/47738-large/e-liquide-herbal-mint-calm-by-minimal.jpg?v=111
Kiss Full Liquideo,https://www.lepetitvapoteur.com/fr/liquideo/10785-e-liquide-kiss-full-liquideo.html,https://www.lepetitvapoteur.com/48075-large/e-liquide-kiss-full-liquideo.jpg?v=111
Kiss Full Liquideo 50 ml,https://www.lepetitvapoteur.com/fr/liquideo/10794-e-liquide-kiss-full-liquideo-50-ml.html,https://www.lepetitvapoteur.com/36365-large/e-liquide-kiss-full-liquideo-50-ml.jpg?v=111
Mojito Menthe Citron Punk Funk Hero 50 ml,https://www.lepetitvapoteur.com/fr/punk-funk-hero/10905-e-liquide-mojito-menthe-citron-punk-funk-hero-50-ml.html,https://www.lepetitvapoteur.com/36772-large/e-liquide-mojito-menthe-citron-punk-funk-hero-50-ml.jpg?v=111
Menthe Boréale Petit Nuage 60 ml,https://www.lepetitvapoteur.com/fr/petit-nuage/11211-e-liquide-menthe-boreale-petit-nuage-60-ml.html,https://www.lepetitvapoteur.com/37606-large/e-liquide-menthe-boreale-petit-nuage-60-ml.jpg?v=111
ENFER Original 50 ml,https://www.lepetitvapoteur.com/fr/enfer-/6957-e-liquide-enfer-50-ml.html,https://www.lepetitvapoteur.com/44725-large/e-liquide-enfer-50-ml.jpg?v=111
ENFER Ultimate Freeze 50 ml,https://www.lepetitvapoteur.com/fr/enfer-/11511-e-liquide-enfer-ultimate-freeze-50-ml.html,https://www.lepetitvapoteur.com/44724-large/e-liquide-enfer-ultimate-freeze-50-ml.jpg?v=111
Alfaliquid Ice Rocket,https://www.lepetitvapoteur.com/fr/alfaliquid/2154-alfaliquid-ice-rocket.html,https://www.lepetitvapoteur.com/44150-large/alfaliquid-ice-rocket.jpg?v=111
Pink ENFER 50 ml,https://www.lepetitvapoteur.com/fr/enfer-/8292-e-liquide-pink-enfer-50-ml.html,https://www.lepetitvapoteur.com/44726-large/e-liquide-pink-enfer-50-ml.jpg?v=111
Red ENFER 50 ml,https://www.lepetitvapoteur.com/fr/enfer-/8291-e-liquide-red-enfer-50-ml.html,https://www.lepetitvapoteur.com/44727-large/e-liquide-red-enfer-50-ml.jpg?v=111
Yellow ENFER 50 ml,https://www.lepetitvapoteur.com/fr/enfer-/8290-e-liquide-yellow-enfer-50-ml.html,https://www.lepetitvapoteur.com/44728-large/e-liquide-yellow-enfer-50-ml.jpg?v=111
Mango ENFER 50 ml,https://www.lepetitvapoteur.com/fr/enfer-/10576-e-liquide-mango-enfer-50-ml.html,https://www.lepetitvapoteur.com/44729-large/e-liquide-mango-enfer-50-ml.jpg?v=111
Menthe Boréale Petit Nuage aux sels de...,https://www.lepetitvapoteur.com/fr/petit-nuage/11885-e-liquide-menthe-boreale-petit-nuage-aux-sels-de-nicotine.html,https://www.lepetitvapoteur.com/40192-large/e-liquide-menthe-boreale-petit-nuage-aux-sels-de-nicotine.jpg?v=111
Mojito des îles Les Essentiels 100 ml,https://www.lepetitvapoteur.com/fr/les-essentiels/11947-e-liquide-mojito-des-iles-les-essentiels-100-ml.html,https://www.lepetitvapoteur.com/40026-large/e-liquide-mojito-des-iles-les-essentiels-100-ml.jpg?v=111
Menthe Chloro 50 ml,https://www.lepetitvapoteur.com/fr/le-petit-vapoteur/11897-e-liquide-menthe-chloro-50-ml.html,https://www.lepetitvapoteur.com/41228-large/e-liquide-menthe-chloro-50-ml.jpg?v=111
Trio de Saveurs LPV,https://www.lepetitvapoteur.com/fr/le-petit-vapoteur/12044-trio-de-saveurs-lpv.html,https://www.lepetitvapoteur.com/46703-large/trio-de-saveurs-lpv.jpg?v=111
Citron Givré,https://www.lepetitvapoteur.com/fr/le-petit-vapoteur/2306-citron-givre-le-petit-vapoteur.html,https://www.lepetitvapoteur.com/46613-large/citron-givre-le-petit-vapoteur.jpg?v=111
Menthe Glaciale Mac Diyer 100 ml,https://www.lepetitvapoteur.com/fr/mac-diyer/12361-e-liquide-menthe-glaciale-mac-diyer-100-ml.html,https://www.lepetitvapoteur.com/41677-large/e-liquide-menthe-glaciale-mac-diyer-100-ml.jpg?v=111
Pack Classic 50 ml,https://www.lepetitvapoteur.com/fr/selection/5956-pack-classic-50-ml.html,https://www.lepetitvapoteur.com/41349-large/pack-classic-50-ml.jpg?v=111
Pack Menthe 50 ml,https://www.lepetitvapoteur.com/fr/selection/12402-pack-menthe-50-ml.html,https://www.lepetitvapoteur.com/41348-large/pack-menthe-50-ml.jpg?v=111
Pack Frais 50 ml,https://www.lepetitvapoteur.com/fr/selection/12403-pack-frais-50-ml.html,https://www.lepetitvapoteur.com/41347-large/pack-frais-50-ml.jpg?v=111
Tropical Storm Crazy Yeti 50 ml,https://www.lepetitvapoteur.com/fr/crazy-yeti/12596-e-liquide-tropical-storm-crazy-yeti-50-ml.html,https://www.lepetitvapoteur.com/46994-large/e-liquide-tropical-storm-crazy-yeti-50-ml.jpg?v=111
Menthe Polaire aux sels de nicotine,https://www.lepetitvapoteur.com/fr/le-petit-vapoteur/12849-e-liquide-menthe-polaire-aux-sels-de-nicotine.html,https://www.lepetitvapoteur.com/46669-large/e-liquide-menthe-polaire-aux-sels-de-nicotine.jpg?v=111
Menthe Verte Le Pod Liquide by Pulp aux...,https://www.lepetitvapoteur.com/fr/pulp/12860-e-liquide-menthe-verte-le-pod-liquide-by-pulp-aux-sels-de-nicotine.html,https://www.lepetitvapoteur.com/47904-large/e-liquide-menthe-verte-le-pod-liquide-by-pulp-aux-sels-de-nicotine.jpg?v=111
Menthe Polaire Le Pod Liquide by Pulp aux...,https://www.lepetitvapoteur.com/fr/pulp/12855-e-liquide-menthe-polaire-le-pod-liquide-by-pulp-aux-sels-de-nicotine.html,https://www.lepetitvapoteur.com/47900-large/e-liquide-menthe-polaire-le-pod-liquide-by-pulp-aux-sels-de-nicotine.jpg?v=111
La Menthe Extrapure 50 ml,https://www.lepetitvapoteur.com/fr/extrapure/13411-e-liquide-la-menthe-extrapure-50-ml.html,https://www.lepetitvapoteur.com/43517-large/e-liquide-la-menthe-extrapure-50-ml.jpg?v=111
Crème de Menthe Extrapure 50 ml,https://www.lepetitvapoteur.com/fr/extrapure/13422-e-liqide-creme-de-menthe-extrapure-50-ml.html,https://www.lepetitvapoteur.com/43524-large/e-liqide-creme-de-menthe-extrapure-50-ml.jpg?v=111
Menthe Chloro Extrapure 50 ml,https://www.lepetitvapoteur.com/fr/extrapure/13435-e-liquide-menthe-chloro-extrapure-50-ml.html,https://www.lepetitvapoteur.com/43536-large/e-liquide-menthe-chloro-extrapure-50-ml.jpg?v=111
Menthe Frisson Sense aux sels de nicotine,https://www.lepetitvapoteur.com/fr/sense/13446-e-liquide-menthe-frisson-sense-aux-sels-de-nicotine.html,https://www.lepetitvapoteur.com/47530-large/e-liquide-menthe-frisson-sense-aux-sels-de-nicotine.jpg?v=111
Menthe Extrême Sense aux sels de nicotine,https://www.lepetitvapoteur.com/fr/sense/13448-e-liquide-menthe-extreme-sense-aux-sels-de-nicotine.html,https://www.lepetitvapoteur.com/47531-large/e-liquide-menthe-extreme-sense-aux-sels-de-nicotine.jpg?v=111
Numbers 4 100 ml,https://www.lepetitvapoteur.com/fr/etasty/13516-e-liquide-4-numbers-100ml.html,https://www.lepetitvapoteur.com/43423-large/e-liquide-4-numbers-100ml.jpg?v=111
Végétol Mint Plus 60 ml,https://www.lepetitvapoteur.com/fr/vegetol/13643-e-liquide-vegetol-mint-plus-60-ml.html,https://www.lepetitvapoteur.com/43606-large/e-liquide-vegetol-mint-plus-60-ml.jpg?v=111
Dark Enigma Tjuice 100 ml,https://www.lepetitvapoteur.com/fr/t-juice/13686-e-liquide-dark-enigma-tjuice-100-ml.html,https://www.lepetitvapoteur.com/44039-large/e-liquide-dark-enigma-tjuice-100-ml.jpg?v=111
Dark Enigma Tjuice 50 ml,https://www.lepetitvapoteur.com/fr/t-juice/13680-e-liquide-dark-enigma-tjuice-50-ml.html,https://www.lepetitvapoteur.com/44033-large/e-liquide-dark-enigma-tjuice-50-ml.jpg?v=111
Alfaliquid Menthe Glaciale - 50/50,https://www.lepetitvapoteur.com/fr/alfaliquid/13791-alfaliquid-menthe-glaciale-5050.html,https://www.lepetitvapoteur.com/44013-large/alfaliquid-menthe-glaciale-5050.jpg?v=111
Alfaliquid Menthe Glaciale 50 ml,https://www.lepetitvapoteur.com/fr/alfaliquid/13786-e-liquide-alfaliquid-menthe-glaciale-50-ml.html,https://www.lepetitvapoteur.com/44025-large/e-liquide-alfaliquid-menthe-glaciale-50-ml.jpg?v=111
Alfaliquid Menthe Glaciale aux sels de...,https://www.lepetitvapoteur.com/fr/alfaliquid/13798-alfaliquid-menthe-glaciale-aux-sels-de-nicotine.html,https://www.lepetitvapoteur.com/44078-large/alfaliquid-menthe-glaciale-aux-sels-de-nicotine.jpg?v=111
Classic Menthe aux sels de nicotine,https://www.lepetitvapoteur.com/fr/le-petit-vapoteur/13883-e-liquide-classic-menthe-aux-sels-de-nicotine.html,https://www.lepetitvapoteur.com/46676-large/e-liquide-classic-menthe-aux-sels-de-nicotine.jpg?v=111
Menthol Original ENFER Pod 50 ml,https://www.lepetitvapoteur.com/fr/enfer-pod/13932-e-liquide-menthol-original-enfer-pod-50-ml.html,https://www.lepetitvapoteur.com/44594-large/e-liquide-menthol-original-enfer-pod-50-ml.jpg?v=111
Loving You Big Papa 50 ml,https://www.lepetitvapoteur.com/fr/big-papa/13960-e-liquide-loving-you-big-papa-50-ml.html,https://www.lepetitvapoteur.com/44672-large/e-liquide-loving-you-big-papa-50-ml.jpg?v=111
Heisenberg Cherry Dragon Fruit Ice...,https://www.lepetitvapoteur.com/fr/e-liquide-vampire-vape/13997-e-liquide-heisenberg-cherry-dragon-fruit-ice-vampire-vape-100-ml.html,https://www.lepetitvapoteur.com/45155-large/e-liquide-heisenberg-cherry-dragon-fruit-ice-vampire-vape-100-ml.jpg?v=111
Heisenberg Grape Ice Vampire Vape 100 ml,https://www.lepetitvapoteur.com/fr/e-liquide-vampire-vape/13998-e-liquide-heisenberg-grape-ice-vampire-vape-100-ml.html,https://www.lepetitvapoteur.com/45148-large/e-liquide-heisenberg-grape-ice-vampire-vape-100-ml.jpg?v=111
Heisenberg Cola Ice Vampire Vape 100 ml,https://www.lepetitvapoteur.com/fr/e-liquide-vampire-vape/13999-e-liquide-heisenberg-cola-ice-vampire-vape-100-ml.html,https://www.lepetitvapoteur.com/45149-large/e-liquide-heisenberg-cola-ice-vampire-vape-100-ml.jpg?v=111
Heisenberg Gum Ice Vampire Vape 100 ml,https://www.lepetitvapoteur.com/fr/e-liquide-vampire-vape/14000-e-liquide-heisenberg-gum-ice-vampire-vape-100-ml.html,https://www.lepetitvapoteur.com/45150-large/e-liquide-heisenberg-gum-ice-vampire-vape-100-ml.jpg?v=111
Vichille Amalgam 50 ml,https://www.lepetitvapoteur.com/fr/etasty/14019-e-liquide-vichille-amalgam-50-ml.html,https://www.lepetitvapoteur.com/44892-large/e-liquide-vichille-amalgam-50-ml.jpg?v=111
Frost Saint Flava 50 ml,https://www.lepetitvapoteur.com/fr/saint-flava/14049-e-liquide-frost-saint-flava-50-ml.html,https://www.lepetitvapoteur.com/44916-large/e-liquide-frost-saint-flava-50-ml.jpg?v=111
Heisenberg Vampire Vape 100 ml,https://www.lepetitvapoteur.com/fr/e-liquide-vampire-vape/14051-e-liquide-heisenberg-vampire-vape-100-ml.html,https://www.lepetitvapoteur.com/45032-large/e-liquide-heisenberg-vampire-vape-100-ml.jpg?v=111
PULP Menthe Verte Glacée,https://www.lepetitvapoteur.com/fr/pulp/14137-e-liquide-pulp-menthe-verte-glacee.html,https://www.lepetitvapoteur.com/47909-large/e-liquide-pulp-menthe-verte-glacee.jpg?v=111
Menthe glaciale Menthe fraiche Le Petit...,https://www.lepetitvapoteur.com/fr/le-petit-verger/14154-e-liquide-menthe-glaciale-menthe-fraiche-le-petit-verger-50-ml.html,https://www.lepetitvapoteur.com/45198-large/e-liquide-menthe-glaciale-menthe-fraiche-le-petit-verger-50-ml.jpg?v=111
Framboise bleue Menthe citronnée Le Petit...,https://www.lepetitvapoteur.com/fr/le-petit-verger/14152-framboise-bleue-menthe-citronnee-le-petit-verger-50-ml.html,https://www.lepetitvapoteur.com/45196-large/framboise-bleue-menthe-citronnee-le-petit-verger-50-ml.jpg?v=111
Snake Furiosa Doctor Vapor 50 ml,https://www.lepetitvapoteur.com/fr/furiosa-doctor-vapor/14181-e-liquide-snake-furiosa-doctor-vapor-50-ml.html,https://www.lepetitvapoteur.com/45043-large/e-liquide-snake-furiosa-doctor-vapor-50-ml.jpg?v=111
Barrako Fighter Fuel 100 ml,https://www.lepetitvapoteur.com/fr/fighter-fuel/14190-e-liquide-barrako-fighter-fuel-100-ml.html,https://www.lepetitvapoteur.com/45452-large/e-liquide-barrako-fighter-fuel-100-ml.jpg?v=111
Menthe Fraîche Aisu Eremento Aux sels de...,https://www.lepetitvapoteur.com/fr/aisu/14218-e-liquide-menthe-fraiche-aisu-eremento-aux-sels-de-nicotine.html,https://www.lepetitvapoteur.com/47670-large/e-liquide-menthe-fraiche-aisu-eremento-aux-sels-de-nicotine.jpg?v=111
Mint Flow Paperland 100 ml,https://www.lepetitvapoteur.com/fr/paperland/14243-e-liquide-mint-flow-paperland-100-ml.html,https://www.lepetitvapoteur.com/45271-large/e-liquide-mint-flow-paperland-100-ml.jpg?v=111
Menthol Ice dotMod 50 ml,https://www.lepetitvapoteur.com/fr/dotmod/14284-e-liquide-menthol-ice-dotmod-50-ml.html,https://www.lepetitvapoteur.com/45327-large/e-liquide-menthol-ice-dotmod-50-ml.jpg?v=111
Menthe Glaciale Protect 40 ml,https://www.lepetitvapoteur.com/fr/protect/14358-e-liquide-menthe-glaciale-protect-40-ml.html,https://www.lepetitvapoteur.com/45608-large/e-liquide-menthe-glaciale-protect-40-ml.jpg?v=111
Mana Agua Botanist Edition Al-Kimiya 50 ml,https://www.lepetitvapoteur.com/fr/al-kimiya/14330-e-liquide-mana-agua-botanist-edition-al-kimiya-50-ml.html,https://www.lepetitvapoteur.com/45970-large/e-liquide-mana-agua-botanist-edition-al-kimiya-50-ml.jpg?v=111
Le Jugement Kartomancia Al-Kimiya 50 ml,https://www.lepetitvapoteur.com/fr/al-kimiya/14331-e-liquide-le-jugement-kartomancia-al-kimiya-50-ml.html,https://www.lepetitvapoteur.com/45971-large/e-liquide-le-jugement-kartomancia-al-kimiya-50-ml.jpg?v=111
Liquid Luck Felicis Edition Al-Kimiya 50 ml,https://www.lepetitvapoteur.com/fr/al-kimiya/14333-e-liquide-liquid-luck-felicis-edition-al-kimiya-50-ml.html,https://www.lepetitvapoteur.com/45712-large/e-liquide-liquid-luck-felicis-edition-al-kimiya-50-ml.jpg?v=111
Crystal Fuze Polaris 50 ml,https://www.lepetitvapoteur.com/fr/polaris/14392-e-liquide-crystal-fuze-polaris-50-ml.html,https://www.lepetitvapoteur.com/46535-large/e-liquide-crystal-fuze-polaris-50-ml.jpg?v=111
Orange Menthe Ehuka 50 ml,https://www.lepetitvapoteur.com/fr/ehuka/14447-e-liquide-orange-menthe-ehuka-50-ml.html,https://www.lepetitvapoteur.com/45699-large/e-liquide-orange-menthe-ehuka-50-ml.jpg?v=111
Barrako Fighter Fuel 50 ml,https://www.lepetitvapoteur.com/fr/fighter-fuel/14485-e-liquide-barrako-fighter-fuel-50-ml.html,https://www.lepetitvapoteur.com/46293-large/e-liquide-barrako-fighter-fuel-50-ml.jpg?v=111
Le Monde Vapotrotter 50 ml,https://www.lepetitvapoteur.com/fr/vapotrotter/14536-e-liquide-le-monde-vapotrotter-50-ml.html,https://www.lepetitvapoteur.com/45979-large/e-liquide-le-monde-vapotrotter-50-ml.jpg?v=111
Kalio Bankiz Extra Frais 50 ml,https://www.lepetitvapoteur.com/fr/etasty/14549-e-liquide-kalio-bankiz-extra-frais-50-ml.html,https://www.lepetitvapoteur.com/46137-large/e-liquide-kalio-bankiz-extra-frais-50-ml.jpg?v=111
Kalio Bankiz Frais 50 ml,https://www.lepetitvapoteur.com/fr/etasty/14576-e-liquide-kalio-bankiz-frais-50-ml.html,https://www.lepetitvapoteur.com/46140-large/e-liquide-kalio-bankiz-frais-50-ml.jpg?v=111
Menthe Cassis Citron Protect 50 ml,https://www.lepetitvapoteur.com/fr/protect/14592-e-liquide-menthe-cassis-citron-protect-50-ml.html,https://www.lepetitvapoteur.com/46074-large/e-liquide-menthe-cassis-citron-protect-50-ml.jpg?v=111
Angel Frost Hellfest x Cloud Vapor 50 ml,https://www.lepetitvapoteur.com/fr/hellfest-x-cloud-vapor/14605-e-liquide-angel-frost-hellfest-x-cloud-vapor-50-ml.html,https://www.lepetitvapoteur.com/46189-large/e-liquide-angel-frost-hellfest-x-cloud-vapor-50-ml.jpg?v=111
Tropical Storm Crazy Yeti,https://www.lepetitvapoteur.com/fr/crazy-yeti/12597-e-liquide-tropical-storm-crazy-yeti.html,https://www.lepetitvapoteur.com/46378-large/e-liquide-tropical-storm-crazy-yeti.jpg?v=111
Karma Swoke 50 ml,https://www.lepetitvapoteur.com/fr/swoke/6811-karma-swoke-50-ml-.html,https://www.lepetitvapoteur.com/25252-large/karma-swoke-50-ml-.jpg?v=111
La Menthe Furieuse 50 ml,https://www.lepetitvapoteur.com/fr/lpv-and-friends/14759-e-liquide-la-menthe-furieuse-50-ml.html,https://www.lepetitvapoteur.com/46725-large/e-liquide-la-menthe-furieuse-50-ml.jpg?v=111
Yserva Ojo 50 ml,https://www.lepetitvapoteur.com/fr/e-liquide-vape-institut/14777-e-liquide-yserva-ojo-50-ml.html,https://www.lepetitvapoteur.com/46492-large/e-liquide-yserva-ojo-50-ml.jpg?v=111
Drogon Ojo 50 ml,https://www.lepetitvapoteur.com/fr/e-liquide-vape-institut/14778-e-liquide-drogon-ojo-50-ml.html,https://www.lepetitvapoteur.com/46493-large/e-liquide-drogon-ojo-50-ml.jpg?v=111
Kaido Ojo 50 ml,https://www.lepetitvapoteur.com/fr/e-liquide-vape-institut/14779-e-liquide-kaido-ojo-50-ml.html,https://www.lepetitvapoteur.com/46494-large/e-liquide-kaido-ojo-50-ml.jpg?v=111
Mana Agua Original Edition Al-Kimiya 50 ml,https://www.lepetitvapoteur.com/fr/al-kimiya/14820-e-liquide-mana-agua-original-edition-al-kimiya-50-ml.html,https://www.lepetitvapoteur.com/46797-large/e-liquide-mana-agua-original-edition-al-kimiya-50-ml.jpg?v=111
The Bear Secret Garden 50 ml,https://www.lepetitvapoteur.com/fr/secret-garden/14860-e-liquide-the-bear-secret-garden-50-ml.html,https://www.lepetitvapoteur.com/46806-large/e-liquide-the-bear-secret-garden-50-ml.jpg?v=111
The Green Bear Secret Garden 50 ml,https://www.lepetitvapoteur.com/fr/secret-garden/14866-e-liquide-the-green-bear-secret-garden-50-ml.html,https://www.lepetitvapoteur.com/46811-large/e-liquide-the-green-bear-secret-garden-50-ml.jpg?v=111
Imperial Peach Sultan Cloud 100 ml,https://www.lepetitvapoteur.com/fr/sultan-cloud/14963-e-liquide-imperial-peach-sultan-cloud-100-ml.html,https://www.lepetitvapoteur.com/47243-large/e-liquide-imperial-peach-sultan-cloud-100-ml.jpg?v=111
Alfaliquid Blond Mentholé Sels de...,https://www.lepetitvapoteur.com/fr/alfaliquid/15028-e-liquide-alfaliquid-blond-menthole-sels-de-nicotine-gaia-classic.html,https://www.lepetitvapoteur.com/47199-large/e-liquide-alfaliquid-blond-menthole-sels-de-nicotine-gaia-classic.jpg?v=111
Alfaliquid Blond Mentholé Gaia Classic,https://www.lepetitvapoteur.com/fr/alfaliquid/15022-e-liquide-alfaliquid-blond-menthole-gaia-classic.html,https://www.lepetitvapoteur.com/47206-large/e-liquide-alfaliquid-blond-menthole-gaia-classic.jpg?v=111
Monkïa Sept 50 ml,https://www.lepetitvapoteur.com/fr/etasty/15053-e-liquide-monkia-sept-50-ml.html,https://www.lepetitvapoteur.com/47261-large/e-liquide-monkia-sept-50-ml.jpg?v=111
Deep Mint Moonshiners Basics 50 ml,https://www.lepetitvapoteur.com/fr/e-liquide-moonshiners/15081-e-liquide-deep-mint-moonshiners-basics-50-ml.html,https://www.lepetitvapoteur.com/47348-large/e-liquide-deep-mint-moonshiners-basics-50-ml.jpg?v=111
French Mint Moonshiners Basics 50 ml,https://www.lepetitvapoteur.com/fr/e-liquide-moonshiners/15082-e-liquide-french-mint-moonshiners-basics-50-ml.html,https://www.lepetitvapoteur.com/47349-large/e-liquide-french-mint-moonshiners-basics-50-ml.jpg?v=111
ENFER Ultimate Freeze 250 ml Edition Limitée,https://www.lepetitvapoteur.com/fr/enfer-/15162-e-liquide-enfer-ultimate-freeze-250ml-edition-limitee.html,https://www.lepetitvapoteur.com/47696-large/e-liquide-enfer-ultimate-freeze-250ml-edition-limitee.jpg?v=111
Pack Furieux 50 ml,https://www.lepetitvapoteur.com/fr/lpv-and-friends/15322-pack-furieux-50-ml.html,https://www.lepetitvapoteur.com/48335-large/pack-furieux-50-ml.jpg?v=111
Alfaliquid FR-Mint,https://www.lepetitvapoteur.com/fr/alfaliquid/15328-e-liquide-alfaliquid-fr-mint.html,https://www.lepetitvapoteur.com/48423-large/e-liquide-alfaliquid-fr-mint.jpg?v=111
Polar Vortex L'invapable 100 ml,https://www.lepetitvapoteur.com/fr/l-invapable/15369-e-liquide-polar-vortex-l-invapable-100-ml.html,https://www.lepetitvapoteur.com/48467-large/e-liquide-polar-vortex-l-invapable-100-ml.jpg?v=111
Baron Rouge L'invapable 100 ml,https://www.lepetitvapoteur.com/fr/l-invapable/15370-e-liquide-baron-rouge-l-invapable-100-ml.html,https://www.lepetitvapoteur.com/48468-large/e-liquide-baron-rouge-l-invapable-100-ml.jpg?v=111
Mirage Sweet Dream Full Moon 50 ml,https://www.lepetitvapoteur.com/fr/e-liquide-full-moon/15396-e-liquide-mirage-sweet-dream-full-moon-50-ml.html,https://www.lepetitvapoteur.com/48696-large/e-liquide-mirage-sweet-dream-full-moon-50-ml.jpg?v=111
Sam La Menace Gang Organisé 50 ml,https://www.lepetitvapoteur.com/fr/etasty/15410-e-liquide-sam-la-menace-gang-organise-50-ml.html,https://www.lepetitvapoteur.com/48744-large/e-liquide-sam-la-menace-gang-organise-50-ml.jpg?v=111
Menthe Fraiche Vincent 50 ml,https://www.lepetitvapoteur.com/fr/vincent-dans-les-vapes/15443-e-liquide-menthe-fraiche-vincent-50-ml.html,https://www.lepetitvapoteur.com/48726-large/e-liquide-menthe-fraiche-vincent-50-ml.jpg?v=111
Menthe Glaciale Vincent 50 ml,https://www.lepetitvapoteur.com/fr/vincent-dans-les-vapes/15444-e-liquide-menthe-glaciale-vincent-50-ml.html,https://www.lepetitvapoteur.com/48727-large/e-liquide-menthe-glaciale-vincent-50-ml.jpg?v=111
Classic Mint Vegetol Blow,https://www.lepetitvapoteur.com/fr/vegetol/15178-classic-mint-vegetol-blow.html,https://www.lepetitvapoteur.com/48135-large/classic-mint-vegetol-blow.jpg?v=111
